Date,State,Petrol_Rate,Prev_Petrol,Change_Rate,Source
2026-06-12,Andhra Pradesh,117.48,117.48,0,https://www.goodreturns.in/petrol-price-in-andhra-pradesh-s2.html
2026-06-12,Arunachal Pradesh,97.81,97.81,0,https://www.goodreturns.in/petrol-price-in-arunachal-pradesh-s3.html
2026-06-12,Assam,105.79,105.79,0,https://www.goodreturns.in/petrol-price-in-assam-s4.html
2026-06-12,Bihar,114.24,114.24,0,https://www.goodreturns.in/petrol-price-in-bihar-s5.html
2026-06-12,Chhattisgarh,101.54,101.54,0,https://www.goodreturns.in/petrol-price-in-chhattisgarh-s6.html
2026-06-12,Delhi,96.72,96.72,0,https://www.goodreturns.in/petrol-price-in-delhi-s10.html
2026-06-12,Goa,108.06,108.06,0,https://www.goodreturns.in/petrol-price-in-goa-s7.html
2026-06-12,Gujarat,99.5,99.5,0,https://www.goodreturns.in/petrol-price-in-gujarat-s8.html
2026-06-12,Haryana,99.5,99.5,0,https://www.goodreturns.in/petrol-price-in-haryana-s9.html
2026-06-12,Himachal Pradesh,104.19,104.19,0,https://www.goodreturns.in/petrol-price-in-himachal-pradesh-s11.html
2026-06-12,Jammu & Kashmir,101.96,101.96,0,https://www.goodreturns.in/petrol-price-in-jammu-kashmir-s12.html
2026-06-12,Jharkhand,103.28,103.28,0,https://www.goodreturns.in/petrol-price-in-jharkhand-s13.html
2026-06-12,Karnataka,102.55,102.55,0,https://www.goodreturns.in/petrol-price-in-karnataka-s14.html
2026-06-12,Kerala,104.13,104.13,0,https://www.goodreturns.in/petrol-price-in-kerala-s15.html
2026-06-12,Madhya Pradesh,105.26,105.26,0,https://www.goodreturns.in/petrol-price-in-madhya-pradesh-s16.html
2026-06-12,Maharashtra,102.86,102.86,0,https://www.goodreturns.in/petrol-price-in-maharashtra-s17.html
2026-06-12,Manipur,115.49,115.49,0,https://www.goodreturns.in/petrol-price-in-manipur-s18.html
2026-06-12,Meghalaya,114.45,114.45,0,https://www.goodreturns.in/petrol-price-in-meghalaya-s19.html
2026-06-12,Mizoram,111.18,111.18,0,https://www.goodreturns.in/petrol-price-in-mizoram-s20.html
2026-06-12,Nagaland,106.95,106.95,0,https://www.goodreturns.in/petrol-price-in-nagaland-s21.html
2026-06-12,Odisha,102.59,102.59,0,https://www.goodreturns.in/petrol-price-in-odisha-s22.html
2026-06-12,Punjab,105.52,105.52,0,https://www.goodreturns.in/petrol-price-in-punjab-s23.html
2026-06-12,Rajasthan,103.96,103.96,0,https://www.goodreturns.in/petrol-price-in-rajasthan-s24.html
2026-06-12,Sikkim,108.89,108.89,0,https://www.goodreturns.in/petrol-price-in-sikkim-s25.html
2026-06-12,Tamil Nadu,103.65,103.65,0,https://www.goodreturns.in/petrol-price-in-tamil-nadu-s26.html
2026-06-12,Telangana,105.56,105.56,0,https://www.goodreturns.in/petrol-price-in-telangana-s27.html
2026-06-12,Tripura,113.15,113.15,0,https://www.goodreturns.in/petrol-price-in-tripura-s28.html
2026-06-12,Uttar Pradesh,110.95,110.95,0,https://www.goodreturns.in/petrol-price-in-uttar-pradesh-s29.html
2026-06-12,Uttarakhand,100.85,100.85,0,https://www.goodreturns.in/petrol-price-in-uttarakhand-s30.html
2026-06-12,West Bengal,115.69,115.69,0,https://www.goodreturns.in/petrol-price-in-west-bengal-s31.html
2026-06-13,Andhra Pradesh,117.48,117.48,0,https://www.goodreturns.in/petrol-price-in-andhra-pradesh-s2.html
2026-06-13,Arunachal Pradesh,97.81,97.81,0,https://www.goodreturns.in/petrol-price-in-arunachal-pradesh-s3.html
2026-06-13,Assam,105.79,105.79,0,https://www.goodreturns.in/petrol-price-in-assam-s4.html
2026-06-13,Bihar,114.24,114.24,0,https://www.goodreturns.in/petrol-price-in-bihar-s5.html
2026-06-13,Chhattisgarh,101.54,101.54,0,https://www.goodreturns.in/petrol-price-in-chhattisgarh-s6.html
2026-06-13,Delhi,96.72,96.72,0,https://www.goodreturns.in/petrol-price-in-delhi-s10.html
2026-06-13,Goa,108.06,108.06,0,https://www.goodreturns.in/petrol-price-in-goa-s7.html
2026-06-13,Gujarat,99.5,99.5,0,https://www.goodreturns.in/petrol-price-in-gujarat-s8.html
2026-06-13,Haryana,99.5,99.5,0,https://www.goodreturns.in/petrol-price-in-haryana-s9.html
2026-06-13,Himachal Pradesh,104.19,104.19,0,https://www.goodreturns.in/petrol-price-in-himachal-pradesh-s11.html
2026-06-13,Jammu & Kashmir,101.96,101.96,0,https://www.goodreturns.in/petrol-price-in-jammu-kashmir-s12.html
2026-06-13,Jharkhand,103.28,103.28,0,https://www.goodreturns.in/petrol-price-in-jharkhand-s13.html
2026-06-13,Karnataka,102.55,102.55,0,https://www.goodreturns.in/petrol-price-in-karnataka-s14.html
2026-06-13,Kerala,104.13,104.13,0,https://www.goodreturns.in/petrol-price-in-kerala-s15.html
2026-06-13,Madhya Pradesh,105.26,105.26,0,https://www.goodreturns.in/petrol-price-in-madhya-pradesh-s16.html
2026-06-13,Maharashtra,102.86,102.86,0,https://www.goodreturns.in/petrol-price-in-maharashtra-s17.html
2026-06-13,Manipur,115.49,115.49,0,https://www.goodreturns.in/petrol-price-in-manipur-s18.html
2026-06-13,Meghalaya,114.45,114.45,0,https://www.goodreturns.in/petrol-price-in-meghalaya-s19.html
2026-06-13,Mizoram,111.18,111.18,0,https://www.goodreturns.in/petrol-price-in-mizoram-s20.html
2026-06-13,Nagaland,106.95,106.95,0,https://www.goodreturns.in/petrol-price-in-nagaland-s21.html
2026-06-13,Odisha,102.59,102.59,0,https://www.goodreturns.in/petrol-price-in-odisha-s22.html
2026-06-13,Punjab,105.52,105.52,0,https://www.goodreturns.in/petrol-price-in-punjab-s23.html
2026-06-13,Rajasthan,103.96,103.96,0,https://www.goodreturns.in/petrol-price-in-rajasthan-s24.html
2026-06-13,Sikkim,108.89,108.89,0,https://www.goodreturns.in/petrol-price-in-sikkim-s25.html
2026-06-13,Tamil Nadu,103.65,103.65,0,https://www.goodreturns.in/petrol-price-in-tamil-nadu-s26.html
2026-06-13,Telangana,105.56,105.56,0,https://www.goodreturns.in/petrol-price-in-telangana-s27.html
2026-06-13,Tripura,113.15,113.15,0,https://www.goodreturns.in/petrol-price-in-tripura-s28.html
2026-06-13,Uttar Pradesh,110.95,110.95,0,https://www.goodreturns.in/petrol-price-in-uttar-pradesh-s29.html
2026-06-13,Uttarakhand,100.85,100.85,0,https://www.goodreturns.in/petrol-price-in-uttarakhand-s30.html
2026-06-13,West Bengal,115.69,115.69,0,https://www.goodreturns.in/petrol-price-in-west-bengal-s31.html
2026-06-14,Andhra Pradesh,117.48,117.48,0,https://www.goodreturns.in/petrol-price-in-andhra-pradesh-s2.html
2026-06-14,Arunachal Pradesh,97.81,97.81,0,https://www.goodreturns.in/petrol-price-in-arunachal-pradesh-s3.html
2026-06-14,Assam,105.79,105.79,0,https://www.goodreturns.in/petrol-price-in-assam-s4.html
2026-06-14,Bihar,114.24,114.24,0,https://www.goodreturns.in/petrol-price-in-bihar-s5.html
2026-06-14,Chhattisgarh,101.54,101.54,0,https://www.goodreturns.in/petrol-price-in-chhattisgarh-s6.html
2026-06-14,Delhi,96.72,96.72,0,https://www.goodreturns.in/petrol-price-in-delhi-s10.html
2026-06-14,Goa,108.06,108.06,0,https://www.goodreturns.in/petrol-price-in-goa-s7.html
2026-06-14,Gujarat,99.5,99.5,0,https://www.goodreturns.in/petrol-price-in-gujarat-s8.html
2026-06-14,Haryana,99.5,99.5,0,https://www.goodreturns.in/petrol-price-in-haryana-s9.html
2026-06-14,Himachal Pradesh,104.19,104.19,0,https://www.goodreturns.in/petrol-price-in-himachal-pradesh-s11.html
2026-06-14,Jammu & Kashmir,101.96,101.96,0,https://www.goodreturns.in/petrol-price-in-jammu-kashmir-s12.html
2026-06-14,Jharkhand,103.28,103.28,0,https://www.goodreturns.in/petrol-price-in-jharkhand-s13.html
2026-06-14,Karnataka,102.55,102.55,0,https://www.goodreturns.in/petrol-price-in-karnataka-s14.html
2026-06-14,Kerala,104.13,104.13,0,https://www.goodreturns.in/petrol-price-in-kerala-s15.html
2026-06-14,Madhya Pradesh,105.26,105.26,0,https://www.goodreturns.in/petrol-price-in-madhya-pradesh-s16.html
2026-06-14,Maharashtra,102.86,102.86,0,https://www.goodreturns.in/petrol-price-in-maharashtra-s17.html
2026-06-14,Manipur,115.49,115.49,0,https://www.goodreturns.in/petrol-price-in-manipur-s18.html
2026-06-14,Meghalaya,114.45,114.45,0,https://www.goodreturns.in/petrol-price-in-meghalaya-s19.html
2026-06-14,Mizoram,111.18,111.18,0,https://www.goodreturns.in/petrol-price-in-mizoram-s20.html
2026-06-14,Nagaland,106.95,106.95,0,https://www.goodreturns.in/petrol-price-in-nagaland-s21.html
2026-06-14,Odisha,102.59,102.59,0,https://www.goodreturns.in/petrol-price-in-odisha-s22.html
2026-06-14,Punjab,105.52,105.52,0,https://www.goodreturns.in/petrol-price-in-punjab-s23.html
2026-06-14,Rajasthan,103.96,103.96,0,https://www.goodreturns.in/petrol-price-in-rajasthan-s24.html
2026-06-14,Sikkim,108.89,108.89,0,https://www.goodreturns.in/petrol-price-in-sikkim-s25.html
2026-06-14,Tamil Nadu,103.65,103.65,0,https://www.goodreturns.in/petrol-price-in-tamil-nadu-s26.html
2026-06-14,Telangana,105.56,105.56,0,https://www.goodreturns.in/petrol-price-in-telangana-s27.html
2026-06-14,Tripura,113.15,113.15,0,https://www.goodreturns.in/petrol-price-in-tripura-s28.html
2026-06-14,Uttar Pradesh,110.95,110.95,0,https://www.goodreturns.in/petrol-price-in-uttar-pradesh-s29.html
2026-06-14,Uttarakhand,100.85,100.85,0,https://www.goodreturns.in/petrol-price-in-uttarakhand-s30.html
2026-06-14,West Bengal,115.69,115.69,0,https://www.goodreturns.in/petrol-price-in-west-bengal-s31.html
2026-06-15,Andhra Pradesh,117.48,117.48,0,https://www.goodreturns.in/petrol-price-in-andhra-pradesh-s2.html
2026-06-15,Arunachal Pradesh,97.81,97.81,0,https://www.goodreturns.in/petrol-price-in-arunachal-pradesh-s3.html
2026-06-15,Assam,105.79,105.79,0,https://www.goodreturns.in/petrol-price-in-assam-s4.html
2026-06-15,Bihar,114.24,114.24,0,https://www.goodreturns.in/petrol-price-in-bihar-s5.html
2026-06-15,Chhattisgarh,101.54,101.54,0,https://www.goodreturns.in/petrol-price-in-chhattisgarh-s6.html
2026-06-15,Delhi,96.72,96.72,0,https://www.goodreturns.in/petrol-price-in-delhi-s10.html
2026-06-15,Goa,108.06,108.06,0,https://www.goodreturns.in/petrol-price-in-goa-s7.html
2026-06-15,Gujarat,99.5,99.5,0,https://www.goodreturns.in/petrol-price-in-gujarat-s8.html
2026-06-15,Haryana,99.5,99.5,0,https://www.goodreturns.in/petrol-price-in-haryana-s9.html
2026-06-15,Himachal Pradesh,104.19,104.19,0,https://www.goodreturns.in/petrol-price-in-himachal-pradesh-s11.html
2026-06-15,Jammu & Kashmir,101.96,101.96,0,https://www.goodreturns.in/petrol-price-in-jammu-kashmir-s12.html
2026-06-15,Jharkhand,103.28,103.28,0,https://www.goodreturns.in/petrol-price-in-jharkhand-s13.html
2026-06-15,Karnataka,102.55,102.55,0,https://www.goodreturns.in/petrol-price-in-karnataka-s14.html
2026-06-15,Kerala,104.13,104.13,0,https://www.goodreturns.in/petrol-price-in-kerala-s15.html
2026-06-15,Madhya Pradesh,105.26,105.26,0,https://www.goodreturns.in/petrol-price-in-madhya-pradesh-s16.html
2026-06-15,Maharashtra,102.86,102.86,0,https://www.goodreturns.in/petrol-price-in-maharashtra-s17.html
2026-06-15,Manipur,115.49,115.49,0,https://www.goodreturns.in/petrol-price-in-manipur-s18.html
2026-06-15,Meghalaya,114.45,114.45,0,https://www.goodreturns.in/petrol-price-in-meghalaya-s19.html
2026-06-15,Mizoram,111.18,111.18,0,https://www.goodreturns.in/petrol-price-in-mizoram-s20.html
2026-06-15,Nagaland,106.95,106.95,0,https://www.goodreturns.in/petrol-price-in-nagaland-s21.html
2026-06-15,Odisha,102.59,102.59,0,https://www.goodreturns.in/petrol-price-in-odisha-s22.html
2026-06-15,Punjab,105.52,105.52,0,https://www.goodreturns.in/petrol-price-in-punjab-s23.html
2026-06-15,Rajasthan,103.96,103.96,0,https://www.goodreturns.in/petrol-price-in-rajasthan-s24.html
2026-06-15,Sikkim,108.89,108.89,0,https://www.goodreturns.in/petrol-price-in-sikkim-s25.html
2026-06-15,Tamil Nadu,103.65,103.65,0,https://www.goodreturns.in/petrol-price-in-tamil-nadu-s26.html
2026-06-15,Telangana,105.56,105.56,0,https://www.goodreturns.in/petrol-price-in-telangana-s27.html
2026-06-15,Tripura,113.15,113.15,0,https://www.goodreturns.in/petrol-price-in-tripura-s28.html
2026-06-15,Uttar Pradesh,110.95,110.95,0,https://www.goodreturns.in/petrol-price-in-uttar-pradesh-s29.html
2026-06-15,Uttarakhand,100.85,100.85,0,https://www.goodreturns.in/petrol-price-in-uttarakhand-s30.html
2026-06-15,West Bengal,115.69,115.69,0,https://www.goodreturns.in/petrol-price-in-west-bengal-s31.html
2026-06-16,Andhra Pradesh,117.48,117.48,0,https://www.goodreturns.in/petrol-price-in-andhra-pradesh-s2.html
2026-06-16,Arunachal Pradesh,97.81,97.81,0,https://www.goodreturns.in/petrol-price-in-arunachal-pradesh-s3.html
2026-06-16,Assam,105.79,105.79,0,https://www.goodreturns.in/petrol-price-in-assam-s4.html
2026-06-16,Bihar,114.24,114.24,0,https://www.goodreturns.in/petrol-price-in-bihar-s5.html
2026-06-16,Chhattisgarh,101.54,101.54,0,https://www.goodreturns.in/petrol-price-in-chhattisgarh-s6.html
2026-06-16,Delhi,96.72,96.72,0,https://www.goodreturns.in/petrol-price-in-delhi-s10.html
2026-06-16,Goa,108.06,108.06,0,https://www.goodreturns.in/petrol-price-in-goa-s7.html
2026-06-16,Gujarat,99.5,99.5,0,https://www.goodreturns.in/petrol-price-in-gujarat-s8.html
2026-06-16,Haryana,99.5,99.5,0,https://www.goodreturns.in/petrol-price-in-haryana-s9.html
2026-06-16,Himachal Pradesh,104.19,104.19,0,https://www.goodreturns.in/petrol-price-in-himachal-pradesh-s11.html
2026-06-16,Jammu & Kashmir,101.96,101.96,0,https://www.goodreturns.in/petrol-price-in-jammu-kashmir-s12.html
2026-06-16,Jharkhand,103.28,103.28,0,https://www.goodreturns.in/petrol-price-in-jharkhand-s13.html
2026-06-16,Karnataka,102.55,102.55,0,https://www.goodreturns.in/petrol-price-in-karnataka-s14.html
2026-06-16,Kerala,104.13,104.13,0,https://www.goodreturns.in/petrol-price-in-kerala-s15.html
2026-06-16,Madhya Pradesh,105.26,105.26,0,https://www.goodreturns.in/petrol-price-in-madhya-pradesh-s16.html
2026-06-16,Maharashtra,102.86,102.86,0,https://www.goodreturns.in/petrol-price-in-maharashtra-s17.html
2026-06-16,Manipur,115.49,115.49,0,https://www.goodreturns.in/petrol-price-in-manipur-s18.html
2026-06-16,Meghalaya,114.45,114.45,0,https://www.goodreturns.in/petrol-price-in-meghalaya-s19.html
2026-06-16,Mizoram,111.18,111.18,0,https://www.goodreturns.in/petrol-price-in-mizoram-s20.html
2026-06-16,Nagaland,106.95,106.95,0,https://www.goodreturns.in/petrol-price-in-nagaland-s21.html
2026-06-16,Odisha,102.59,102.59,0,https://www.goodreturns.in/petrol-price-in-odisha-s22.html
2026-06-16,Punjab,105.52,105.52,0,https://www.goodreturns.in/petrol-price-in-punjab-s23.html
2026-06-16,Rajasthan,103.96,103.96,0,https://www.goodreturns.in/petrol-price-in-rajasthan-s24.html
2026-06-16,Sikkim,108.89,108.89,0,https://www.goodreturns.in/petrol-price-in-sikkim-s25.html
2026-06-16,Tamil Nadu,103.65,103.65,0,https://www.goodreturns.in/petrol-price-in-tamil-nadu-s26.html
2026-06-16,Telangana,105.56,105.56,0,https://www.goodreturns.in/petrol-price-in-telangana-s27.html
2026-06-16,Tripura,113.15,113.15,0,https://www.goodreturns.in/petrol-price-in-tripura-s28.html
2026-06-16,Uttar Pradesh,110.95,110.95,0,https://www.goodreturns.in/petrol-price-in-uttar-pradesh-s29.html
2026-06-16,Uttarakhand,100.85,100.85,0,https://www.goodreturns.in/petrol-price-in-uttarakhand-s30.html
2026-06-16,West Bengal,115.69,115.69,0,https://www.goodreturns.in/petrol-price-in-west-bengal-s31.html
2026-06-17,Andhra Pradesh,117.48,117.48,0,https://www.goodreturns.in/petrol-price-in-andhra-pradesh-s2.html
2026-06-17,Arunachal Pradesh,97.7,97.81,-0.11,https://www.goodreturns.in/petrol-price-in-arunachal-pradesh-s3.html
2026-06-17,Assam,106.27,105.79,0.48,https://www.goodreturns.in/petrol-price-in-assam-s4.html
2026-06-17,Bihar,113.65,114.24,-0.59,https://www.goodreturns.in/petrol-price-in-bihar-s5.html
2026-06-17,Chhattisgarh,101.54,101.54,0,https://www.goodreturns.in/petrol-price-in-chhattisgarh-s6.html
2026-06-17,Delhi,102.12,96.72,5.4,https://www.goodreturns.in/petrol-price-in-delhi-s10.html
2026-06-17,Goa,108.16,108.06,0.1,https://www.goodreturns.in/petrol-price-in-goa-s7.html
2026-06-17,Gujarat,99.44,99.5,-0.06,https://www.goodreturns.in/petrol-price-in-gujarat-s8.html
2026-06-17,Haryana,99.44,99.5,-0.06,https://www.goodreturns.in/petrol-price-in-haryana-s9.html
2026-06-17,Himachal Pradesh,104,104.19,-0.19,https://www.goodreturns.in/petrol-price-in-himachal-pradesh-s11.html
2026-06-17,Jammu & Kashmir,102.08,101.96,0.12,https://www.goodreturns.in/petrol-price-in-jammu-kashmir-s12.html
2026-06-17,Jharkhand,103.28,103.28,0,https://www.goodreturns.in/petrol-price-in-jharkhand-s13.html
2026-06-17,Karnataka,102.45,102.55,-0.1,https://www.goodreturns.in/petrol-price-in-karnataka-s14.html
2026-06-17,Kerala,104.1,104.13,-0.03,https://www.goodreturns.in/petrol-price-in-kerala-s15.html
2026-06-17,Madhya Pradesh,105.26,105.26,0,https://www.goodreturns.in/petrol-price-in-madhya-pradesh-s16.html
2026-06-17,Maharashtra,110.89,102.86,8.03,https://www.goodreturns.in/petrol-price-in-maharashtra-s17.html
2026-06-17,Manipur,115.49,115.49,0,https://www.goodreturns.in/petrol-price-in-manipur-s18.html
2026-06-17,Meghalaya,114.45,114.45,0,https://www.goodreturns.in/petrol-price-in-meghalaya-s19.html
2026-06-17,Mizoram,111.21,111.18,0.03,https://www.goodreturns.in/petrol-price-in-mizoram-s20.html
2026-06-17,Nagaland,106.82,106.95,-0.13,https://www.goodreturns.in/petrol-price-in-nagaland-s21.html
2026-06-17,Odisha,102.59,102.59,0,https://www.goodreturns.in/petrol-price-in-odisha-s22.html
2026-06-17,Punjab,106.39,105.52,0.87,https://www.goodreturns.in/petrol-price-in-punjab-s23.html
2026-06-17,Rajasthan,103.96,103.96,0,https://www.goodreturns.in/petrol-price-in-rajasthan-s24.html
2026-06-17,Sikkim,109.06,108.89,0.17,https://www.goodreturns.in/petrol-price-in-sikkim-s25.html
2026-06-17,Tamil Nadu,103.65,103.65,0,https://www.goodreturns.in/petrol-price-in-tamil-nadu-s26.html
2026-06-17,Telangana,105.42,105.56,-0.14,https://www.goodreturns.in/petrol-price-in-telangana-s27.html
2026-06-17,Tripura,112.69,113.15,-0.46,https://www.goodreturns.in/petrol-price-in-tripura-s28.html
2026-06-17,Uttar Pradesh,110.95,110.95,0,https://www.goodreturns.in/petrol-price-in-uttar-pradesh-s29.html
2026-06-17,Uttarakhand,108.01,100.85,7.16,https://www.goodreturns.in/petrol-price-in-uttarakhand-s30.html
2026-06-17,West Bengal,115.73,115.69,0.04,https://www.goodreturns.in/petrol-price-in-west-bengal-s31.html
2026-06-18,Andhra Pradesh,117.78,117.48,0.3,https://www.goodreturns.in/petrol-price-in-andhra-pradesh-s2.html
2026-06-18,Arunachal Pradesh,97.7,97.7,0,https://www.goodreturns.in/petrol-price-in-arunachal-pradesh-s3.html
2026-06-18,Assam,105.79,106.27,-0.48,https://www.goodreturns.in/petrol-price-in-assam-s4.html
2026-06-18,Bihar,113.35,113.65,-0.3,https://www.goodreturns.in/petrol-price-in-bihar-s5.html
2026-06-18,Chhattisgarh,101.54,101.54,0,https://www.goodreturns.in/petrol-price-in-chhattisgarh-s6.html
2026-06-18,Delhi,102.12,102.12,0,https://www.goodreturns.in/petrol-price-in-delhi-s10.html
2026-06-18,Goa,108.06,108.16,-0.1,https://www.goodreturns.in/petrol-price-in-goa-s7.html
2026-06-18,Gujarat,99.5,99.44,0.06,https://www.goodreturns.in/petrol-price-in-gujarat-s8.html
2026-06-18,Haryana,99.5,99.44,0.06,https://www.goodreturns.in/petrol-price-in-haryana-s9.html
2026-06-18,Himachal Pradesh,104.11,104,0.11,https://www.goodreturns.in/petrol-price-in-himachal-pradesh-s11.html
2026-06-18,Jammu & Kashmir,102.24,102.08,0.16,https://www.goodreturns.in/petrol-price-in-jammu-kashmir-s12.html
2026-06-18,Jharkhand,103.28,103.28,0,https://www.goodreturns.in/petrol-price-in-jharkhand-s13.html
2026-06-18,Karnataka,102.55,102.45,0.1,https://www.goodreturns.in/petrol-price-in-karnataka-s14.html
2026-06-18,Kerala,104.1,104.1,0,https://www.goodreturns.in/petrol-price-in-kerala-s15.html
2026-06-18,Madhya Pradesh,105.93,105.26,0.67,https://www.goodreturns.in/petrol-price-in-madhya-pradesh-s16.html
2026-06-18,Maharashtra,110.89,110.89,0,https://www.goodreturns.in/petrol-price-in-maharashtra-s17.html
2026-06-18,Manipur,115.49,115.49,0,https://www.goodreturns.in/petrol-price-in-manipur-s18.html
2026-06-18,Meghalaya,114.45,114.45,0,https://www.goodreturns.in/petrol-price-in-meghalaya-s19.html
2026-06-18,Mizoram,111.18,111.21,-0.03,https://www.goodreturns.in/petrol-price-in-mizoram-s20.html
2026-06-18,Nagaland,106.95,106.82,0.13,https://www.goodreturns.in/petrol-price-in-nagaland-s21.html
2026-06-18,Odisha,102.56,102.59,-0.03,https://www.goodreturns.in/petrol-price-in-odisha-s22.html
2026-06-18,Punjab,106.39,106.39,0,https://www.goodreturns.in/petrol-price-in-punjab-s23.html
2026-06-18,Rajasthan,104.85,103.96,0.89,https://www.goodreturns.in/petrol-price-in-rajasthan-s24.html
2026-06-18,Sikkim,109.22,109.06,0.16,https://www.goodreturns.in/petrol-price-in-sikkim-s25.html
2026-06-18,Tamil Nadu,103.58,103.65,-0.07,https://www.goodreturns.in/petrol-price-in-tamil-nadu-s26.html
2026-06-18,Telangana,105.56,105.42,0.14,https://www.goodreturns.in/petrol-price-in-telangana-s27.html
2026-06-18,Tripura,112.66,112.69,-0.03,https://www.goodreturns.in/petrol-price-in-tripura-s28.html
2026-06-18,Uttar Pradesh,110.95,110.95,0,https://www.goodreturns.in/petrol-price-in-uttar-pradesh-s29.html
2026-06-18,Uttarakhand,107.88,108.01,-0.13,https://www.goodreturns.in/petrol-price-in-uttarakhand-s30.html
2026-06-18,West Bengal,115.73,115.73,0,https://www.goodreturns.in/petrol-price-in-west-bengal-s31.html
2026-06-19,Andhra Pradesh,117.68,117.78,-0.1,https://www.goodreturns.in/petrol-price-in-andhra-pradesh-s2.html
2026-06-19,Arunachal Pradesh,98.04,97.7,0.34,https://www.goodreturns.in/petrol-price-in-arunachal-pradesh-s3.html
2026-06-19,Assam,105.94,105.79,0.15,https://www.goodreturns.in/petrol-price-in-assam-s4.html
2026-06-19,Bihar,113.46,113.35,0.11,https://www.goodreturns.in/petrol-price-in-bihar-s5.html
2026-06-19,Chhattisgarh,101.54,101.54,0,https://www.goodreturns.in/petrol-price-in-chhattisgarh-s6.html
2026-06-19,Delhi,96.72,102.12,-5.4,https://www.goodreturns.in/petrol-price-in-delhi-s10.html
2026-06-19,Goa,108.06,108.06,0,https://www.goodreturns.in/petrol-price-in-goa-s7.html
2026-06-19,Gujarat,99.5,99.5,0,https://www.goodreturns.in/petrol-price-in-gujarat-s8.html
2026-06-19,Haryana,99.5,99.5,0,https://www.goodreturns.in/petrol-price-in-haryana-s9.html
2026-06-19,Himachal Pradesh,104.06,104.11,-0.05,https://www.goodreturns.in/petrol-price-in-himachal-pradesh-s11.html
2026-06-19,Jammu & Kashmir,101.96,102.24,-0.28,https://www.goodreturns.in/petrol-price-in-jammu-kashmir-s12.html
2026-06-19,Jharkhand,103.28,103.28,0,https://www.goodreturns.in/petrol-price-in-jharkhand-s13.html
2026-06-19,Karnataka,102.58,102.55,0.03,https://www.goodreturns.in/petrol-price-in-karnataka-s14.html
2026-06-19,Kerala,104.1,104.1,0,https://www.goodreturns.in/petrol-price-in-kerala-s15.html
2026-06-19,Madhya Pradesh,105.26,105.93,-0.67,https://www.goodreturns.in/petrol-price-in-madhya-pradesh-s16.html
2026-06-19,Maharashtra,102.86,110.89,-8.03,https://www.goodreturns.in/petrol-price-in-maharashtra-s17.html
2026-06-19,Manipur,115.49,115.49,0,https://www.goodreturns.in/petrol-price-in-manipur-s18.html
2026-06-19,Meghalaya,114.45,114.45,0,https://www.goodreturns.in/petrol-price-in-meghalaya-s19.html
2026-06-19,Mizoram,111.18,111.18,0,https://www.goodreturns.in/petrol-price-in-mizoram-s20.html
2026-06-19,Nagaland,106.82,106.95,-0.13,https://www.goodreturns.in/petrol-price-in-nagaland-s21.html
2026-06-19,Odisha,102.59,102.56,0.03,https://www.goodreturns.in/petrol-price-in-odisha-s22.html
2026-06-19,Punjab,105.52,106.39,-0.87,https://www.goodreturns.in/petrol-price-in-punjab-s23.html
2026-06-19,Rajasthan,104.39,104.85,-0.46,https://www.goodreturns.in/petrol-price-in-rajasthan-s24.html
2026-06-19,Sikkim,108.81,109.22,-0.41,https://www.goodreturns.in/petrol-price-in-sikkim-s25.html
2026-06-19,Tamil Nadu,103.72,103.58,0.14,https://www.goodreturns.in/petrol-price-in-tamil-nadu-s26.html
2026-06-19,Telangana,105.49,105.56,-0.07,https://www.goodreturns.in/petrol-price-in-telangana-s27.html
2026-06-19,Tripura,112.66,112.66,0,https://www.goodreturns.in/petrol-price-in-tripura-s28.html
2026-06-19,Uttar Pradesh,110.95,110.95,0,https://www.goodreturns.in/petrol-price-in-uttar-pradesh-s29.html
2026-06-19,Uttarakhand,100.85,107.88,-7.03,https://www.goodreturns.in/petrol-price-in-uttarakhand-s30.html
2026-06-19,West Bengal,115.73,115.73,0,https://www.goodreturns.in/petrol-price-in-west-bengal-s31.html
2026-06-20,Andhra Pradesh,117.68,117.68,0,https://www.goodreturns.in/petrol-price-in-andhra-pradesh-s2.html
2026-06-20,Arunachal Pradesh,98.04,98.04,0,https://www.goodreturns.in/petrol-price-in-arunachal-pradesh-s3.html
2026-06-20,Assam,105.94,105.94,0,https://www.goodreturns.in/petrol-price-in-assam-s4.html
2026-06-20,Bihar,113.46,113.46,0,https://www.goodreturns.in/petrol-price-in-bihar-s5.html
2026-06-20,Chhattisgarh,101.54,101.54,0,https://www.goodreturns.in/petrol-price-in-chhattisgarh-s6.html
2026-06-20,Delhi,96.72,96.72,0,https://www.goodreturns.in/petrol-price-in-delhi-s10.html
2026-06-20,Goa,108.06,108.06,0,https://www.goodreturns.in/petrol-price-in-goa-s7.html
2026-06-20,Gujarat,99.5,99.5,0,https://www.goodreturns.in/petrol-price-in-gujarat-s8.html
2026-06-20,Haryana,99.5,99.5,0,https://www.goodreturns.in/petrol-price-in-haryana-s9.html
2026-06-20,Himachal Pradesh,104.06,104.06,0,https://www.goodreturns.in/petrol-price-in-himachal-pradesh-s11.html
2026-06-20,Jammu & Kashmir,101.96,101.96,0,https://www.goodreturns.in/petrol-price-in-jammu-kashmir-s12.html
2026-06-20,Jharkhand,103.28,103.28,0,https://www.goodreturns.in/petrol-price-in-jharkhand-s13.html
2026-06-20,Karnataka,102.58,102.58,0,https://www.goodreturns.in/petrol-price-in-karnataka-s14.html
2026-06-20,Kerala,104.1,104.1,0,https://www.goodreturns.in/petrol-price-in-kerala-s15.html
2026-06-20,Madhya Pradesh,105.26,105.26,0,https://www.goodreturns.in/petrol-price-in-madhya-pradesh-s16.html
2026-06-20,Maharashtra,102.86,102.86,0,https://www.goodreturns.in/petrol-price-in-maharashtra-s17.html
2026-06-20,Manipur,115.49,115.49,0,https://www.goodreturns.in/petrol-price-in-manipur-s18.html
2026-06-20,Meghalaya,114.45,114.45,0,https://www.goodreturns.in/petrol-price-in-meghalaya-s19.html
2026-06-20,Mizoram,111.18,111.18,0,https://www.goodreturns.in/petrol-price-in-mizoram-s20.html
2026-06-20,Nagaland,106.82,106.82,0,https://www.goodreturns.in/petrol-price-in-nagaland-s21.html
2026-06-20,Odisha,102.59,102.59,0,https://www.goodreturns.in/petrol-price-in-odisha-s22.html
2026-06-20,Punjab,105.52,105.52,0,https://www.goodreturns.in/petrol-price-in-punjab-s23.html
2026-06-20,Rajasthan,104.39,104.39,0,https://www.goodreturns.in/petrol-price-in-rajasthan-s24.html
2026-06-20,Sikkim,108.81,108.81,0,https://www.goodreturns.in/petrol-price-in-sikkim-s25.html
2026-06-20,Tamil Nadu,103.72,103.72,0,https://www.goodreturns.in/petrol-price-in-tamil-nadu-s26.html
2026-06-20,Telangana,105.49,105.49,0,https://www.goodreturns.in/petrol-price-in-telangana-s27.html
2026-06-20,Tripura,112.66,112.66,0,https://www.goodreturns.in/petrol-price-in-tripura-s28.html
2026-06-20,Uttar Pradesh,110.95,110.95,0,https://www.goodreturns.in/petrol-price-in-uttar-pradesh-s29.html
2026-06-20,Uttarakhand,100.85,100.85,0,https://www.goodreturns.in/petrol-price-in-uttarakhand-s30.html
2026-06-20,West Bengal,115.73,115.73,0,https://www.goodreturns.in/petrol-price-in-west-bengal-s31.html
2026-06-21,Andhra Pradesh,117.68,117.68,0,https://www.goodreturns.in/petrol-price-in-andhra-pradesh-s2.html
2026-06-21,Arunachal Pradesh,98.06,98.04,0.02,https://www.goodreturns.in/petrol-price-in-arunachal-pradesh-s3.html
2026-06-21,Assam,105.73,105.94,-0.21,https://www.goodreturns.in/petrol-price-in-assam-s4.html
2026-06-21,Bihar,114.24,113.46,0.78,https://www.goodreturns.in/petrol-price-in-bihar-s5.html
2026-06-21,Chhattisgarh,101.54,101.54,0,https://www.goodreturns.in/petrol-price-in-chhattisgarh-s6.html
2026-06-21,Delhi,102.12,96.72,5.4,https://www.goodreturns.in/petrol-price-in-delhi-s10.html
2026-06-21,Goa,108.06,108.06,0,https://www.goodreturns.in/petrol-price-in-goa-s7.html
2026-06-21,Gujarat,99.5,99.5,0,https://www.goodreturns.in/petrol-price-in-gujarat-s8.html
2026-06-21,Haryana,99.5,99.5,0,https://www.goodreturns.in/petrol-price-in-haryana-s9.html
2026-06-21,Himachal Pradesh,104.06,104.06,0,https://www.goodreturns.in/petrol-price-in-himachal-pradesh-s11.html
2026-06-21,Jammu & Kashmir,101.93,101.96,-0.03,https://www.goodreturns.in/petrol-price-in-jammu-kashmir-s12.html
2026-06-21,Jharkhand,103.28,103.28,0,https://www.goodreturns.in/petrol-price-in-jharkhand-s13.html
2026-06-21,Karnataka,102.55,102.58,-0.03,https://www.goodreturns.in/petrol-price-in-karnataka-s14.html
2026-06-21,Kerala,104.13,104.1,0.03,https://www.goodreturns.in/petrol-price-in-kerala-s15.html
2026-06-21,Madhya Pradesh,105.26,105.26,0,https://www.goodreturns.in/petrol-price-in-madhya-pradesh-s16.html
2026-06-21,Maharashtra,110.93,102.86,8.07,https://www.goodreturns.in/petrol-price-in-maharashtra-s17.html
2026-06-21,Manipur,115.49,115.49,0,https://www.goodreturns.in/petrol-price-in-manipur-s18.html
2026-06-21,Meghalaya,114.3,114.45,-0.15,https://www.goodreturns.in/petrol-price-in-meghalaya-s19.html
2026-06-21,Mizoram,111.21,111.18,0.03,https://www.goodreturns.in/petrol-price-in-mizoram-s20.html
2026-06-21,Nagaland,106.95,106.82,0.13,https://www.goodreturns.in/petrol-price-in-nagaland-s21.html
2026-06-21,Odisha,102.52,102.59,-0.07,https://www.goodreturns.in/petrol-price-in-odisha-s22.html
2026-06-21,Punjab,106.39,105.52,0.87,https://www.goodreturns.in/petrol-price-in-punjab-s23.html
2026-06-21,Rajasthan,104.39,104.39,0,https://www.goodreturns.in/petrol-price-in-rajasthan-s24.html
2026-06-21,Sikkim,108.83,108.81,0.02,https://www.goodreturns.in/petrol-price-in-sikkim-s25.html
2026-06-21,Tamil Nadu,103.65,103.72,-0.07,https://www.goodreturns.in/petrol-price-in-tamil-nadu-s26.html
2026-06-21,Telangana,105.56,105.49,0.07,https://www.goodreturns.in/petrol-price-in-telangana-s27.html
2026-06-21,Tripura,112.66,112.66,0,https://www.goodreturns.in/petrol-price-in-tripura-s28.html
2026-06-21,Uttar Pradesh,110.95,110.95,0,https://www.goodreturns.in/petrol-price-in-uttar-pradesh-s29.html
2026-06-21,Uttarakhand,107.85,100.85,7,https://www.goodreturns.in/petrol-price-in-uttarakhand-s30.html
2026-06-21,West Bengal,115.73,115.73,0,https://www.goodreturns.in/petrol-price-in-west-bengal-s31.html
2026-06-22,Andhra Pradesh,117.68,117.68,0,https://www.goodreturns.in/petrol-price-in-andhra-pradesh-s2.html
2026-06-22,Arunachal Pradesh,97.81,98.06,-0.25,https://www.goodreturns.in/petrol-price-in-arunachal-pradesh-s3.html
2026-06-22,Assam,105.74,105.73,0.01,https://www.goodreturns.in/petrol-price-in-assam-s4.html
2026-06-22,Bihar,113.54,114.24,-0.7,https://www.goodreturns.in/petrol-price-in-bihar-s5.html
2026-06-22,Chhattisgarh,101.54,101.54,0,https://www.goodreturns.in/petrol-price-in-chhattisgarh-s6.html
2026-06-22,Delhi,96.72,102.12,-5.4,https://www.goodreturns.in/petrol-price-in-delhi-s10.html
2026-06-22,Goa,108.06,108.06,0,https://www.goodreturns.in/petrol-price-in-goa-s7.html
2026-06-22,Gujarat,99.5,99.5,0,https://www.goodreturns.in/petrol-price-in-gujarat-s8.html
2026-06-22,Haryana,99.5,99.5,0,https://www.goodreturns.in/petrol-price-in-haryana-s9.html
2026-06-22,Himachal Pradesh,104.19,104.06,0.13,https://www.goodreturns.in/petrol-price-in-himachal-pradesh-s11.html
2026-06-22,Jammu & Kashmir,102.27,101.93,0.34,https://www.goodreturns.in/petrol-price-in-jammu-kashmir-s12.html
2026-06-22,Jharkhand,103.28,103.28,0,https://www.goodreturns.in/petrol-price-in-jharkhand-s13.html
2026-06-22,Karnataka,102.55,102.55,0,https://www.goodreturns.in/petrol-price-in-karnataka-s14.html
2026-06-22,Kerala,104.98,104.13,0.85,https://www.goodreturns.in/petrol-price-in-kerala-s15.html
2026-06-22,Madhya Pradesh,105.26,105.26,0,https://www.goodreturns.in/petrol-price-in-madhya-pradesh-s16.html
2026-06-22,Maharashtra,102.86,110.93,-8.07,https://www.goodreturns.in/petrol-price-in-maharashtra-s17.html
2026-06-22,Manipur,115.49,115.49,0,https://www.goodreturns.in/petrol-price-in-manipur-s18.html
2026-06-22,Meghalaya,114.65,114.3,0.35,https://www.goodreturns.in/petrol-price-in-meghalaya-s19.html
2026-06-22,Mizoram,111.21,111.21,0,https://www.goodreturns.in/petrol-price-in-mizoram-s20.html
2026-06-22,Nagaland,106.82,106.95,-0.13,https://www.goodreturns.in/petrol-price-in-nagaland-s21.html
2026-06-22,Odisha,102.56,102.52,0.04,https://www.goodreturns.in/petrol-price-in-odisha-s22.html
2026-06-22,Punjab,106.49,106.39,0.1,https://www.goodreturns.in/petrol-price-in-punjab-s23.html
2026-06-22,Rajasthan,104.46,104.39,0.07,https://www.goodreturns.in/petrol-price-in-rajasthan-s24.html
2026-06-22,Sikkim,109.03,108.83,0.2,https://www.goodreturns.in/petrol-price-in-sikkim-s25.html
2026-06-22,Tamil Nadu,103.58,103.65,-0.07,https://www.goodreturns.in/petrol-price-in-tamil-nadu-s26.html
2026-06-22,Telangana,105.49,105.56,-0.07,https://www.goodreturns.in/petrol-price-in-telangana-s27.html
2026-06-22,Tripura,113.35,112.66,0.69,https://www.goodreturns.in/petrol-price-in-tripura-s28.html
2026-06-22,Uttar Pradesh,110.95,110.95,0,https://www.goodreturns.in/petrol-price-in-uttar-pradesh-s29.html
2026-06-22,Uttarakhand,100.85,107.85,-7,https://www.goodreturns.in/petrol-price-in-uttarakhand-s30.html
2026-06-22,West Bengal,115.69,115.73,-0.04,https://www.goodreturns.in/petrol-price-in-west-bengal-s31.html
2026-06-23,Andhra Pradesh,117.68,117.68,0,https://www.goodreturns.in/petrol-price-in-andhra-pradesh-s2.html
2026-06-23,Arunachal Pradesh,97.81,97.81,0,https://www.goodreturns.in/petrol-price-in-arunachal-pradesh-s3.html
2026-06-23,Assam,105.74,105.74,0,https://www.goodreturns.in/petrol-price-in-assam-s4.html
2026-06-23,Bihar,113.37,113.54,-0.17,https://www.goodreturns.in/petrol-price-in-bihar-s5.html
2026-06-23,Chhattisgarh,101.54,101.54,0,https://www.goodreturns.in/petrol-price-in-chhattisgarh-s6.html
2026-06-23,Delhi,96.72,96.72,0,https://www.goodreturns.in/petrol-price-in-delhi-s10.html
2026-06-23,Goa,108.06,108.06,0,https://www.goodreturns.in/petrol-price-in-goa-s7.html
2026-06-23,Gujarat,99.5,99.5,0,https://www.goodreturns.in/petrol-price-in-gujarat-s8.html
2026-06-23,Haryana,99.5,99.5,0,https://www.goodreturns.in/petrol-price-in-haryana-s9.html
2026-06-23,Himachal Pradesh,104.19,104.19,0,https://www.goodreturns.in/petrol-price-in-himachal-pradesh-s11.html
2026-06-23,Jammu & Kashmir,102.27,102.27,0,https://www.goodreturns.in/petrol-price-in-jammu-kashmir-s12.html
2026-06-23,Jharkhand,103.28,103.28,0,https://www.goodreturns.in/petrol-price-in-jharkhand-s13.html
2026-06-23,Karnataka,102.55,102.55,0,https://www.goodreturns.in/petrol-price-in-karnataka-s14.html
2026-06-23,Kerala,104.98,104.98,0,https://www.goodreturns.in/petrol-price-in-kerala-s15.html
2026-06-23,Madhya Pradesh,105.26,105.26,0,https://www.goodreturns.in/petrol-price-in-madhya-pradesh-s16.html
2026-06-23,Maharashtra,102.86,102.86,0,https://www.goodreturns.in/petrol-price-in-maharashtra-s17.html
2026-06-23,Manipur,115.49,115.49,0,https://www.goodreturns.in/petrol-price-in-manipur-s18.html
2026-06-23,Meghalaya,114.65,114.65,0,https://www.goodreturns.in/petrol-price-in-meghalaya-s19.html
2026-06-23,Mizoram,111.21,111.21,0,https://www.goodreturns.in/petrol-price-in-mizoram-s20.html
2026-06-23,Nagaland,106.82,106.82,0,https://www.goodreturns.in/petrol-price-in-nagaland-s21.html
2026-06-23,Odisha,102.56,102.56,0,https://www.goodreturns.in/petrol-price-in-odisha-s22.html
2026-06-23,Punjab,106.49,106.49,0,https://www.goodreturns.in/petrol-price-in-punjab-s23.html
2026-06-23,Rajasthan,104.46,104.46,0,https://www.goodreturns.in/petrol-price-in-rajasthan-s24.html
2026-06-23,Sikkim,108.97,109.03,-0.06,https://www.goodreturns.in/petrol-price-in-sikkim-s25.html
2026-06-23,Tamil Nadu,103.58,103.58,0,https://www.goodreturns.in/petrol-price-in-tamil-nadu-s26.html
2026-06-23,Telangana,105.49,105.49,0,https://www.goodreturns.in/petrol-price-in-telangana-s27.html
2026-06-23,Tripura,113.35,113.35,0,https://www.goodreturns.in/petrol-price-in-tripura-s28.html
2026-06-23,Uttar Pradesh,110.95,110.95,0,https://www.goodreturns.in/petrol-price-in-uttar-pradesh-s29.html
2026-06-23,Uttarakhand,100.85,100.85,0,https://www.goodreturns.in/petrol-price-in-uttarakhand-s30.html
2026-06-23,West Bengal,115.69,115.69,0,https://www.goodreturns.in/petrol-price-in-west-bengal-s31.html
2026-06-24,Andhra Pradesh,117.68,117.68,0,https://www.goodreturns.in/petrol-price-in-andhra-pradesh-s2.html
2026-06-24,Arunachal Pradesh,97.81,97.81,0,https://www.goodreturns.in/petrol-price-in-arunachal-pradesh-s3.html
2026-06-24,Assam,105.74,105.74,0,https://www.goodreturns.in/petrol-price-in-assam-s4.html
2026-06-24,Bihar,113.37,113.37,0,https://www.goodreturns.in/petrol-price-in-bihar-s5.html
2026-06-24,Chhattisgarh,101.54,101.54,0,https://www.goodreturns.in/petrol-price-in-chhattisgarh-s6.html
2026-06-24,Delhi,96.72,96.72,0,https://www.goodreturns.in/petrol-price-in-delhi-s10.html
2026-06-24,Goa,108.06,108.06,0,https://www.goodreturns.in/petrol-price-in-goa-s7.html
2026-06-24,Gujarat,99.5,99.5,0,https://www.goodreturns.in/petrol-price-in-gujarat-s8.html
2026-06-24,Haryana,99.5,99.5,0,https://www.goodreturns.in/petrol-price-in-haryana-s9.html
2026-06-24,Himachal Pradesh,104.19,104.19,0,https://www.goodreturns.in/petrol-price-in-himachal-pradesh-s11.html
2026-06-24,Jammu & Kashmir,102.27,102.27,0,https://www.goodreturns.in/petrol-price-in-jammu-kashmir-s12.html
2026-06-24,Jharkhand,103.28,103.28,0,https://www.goodreturns.in/petrol-price-in-jharkhand-s13.html
2026-06-24,Karnataka,102.55,102.55,0,https://www.goodreturns.in/petrol-price-in-karnataka-s14.html
2026-06-24,Kerala,104.98,104.98,0,https://www.goodreturns.in/petrol-price-in-kerala-s15.html
2026-06-24,Madhya Pradesh,105.26,105.26,0,https://www.goodreturns.in/petrol-price-in-madhya-pradesh-s16.html
2026-06-24,Maharashtra,102.86,102.86,0,https://www.goodreturns.in/petrol-price-in-maharashtra-s17.html
2026-06-24,Manipur,115.49,115.49,0,https://www.goodreturns.in/petrol-price-in-manipur-s18.html
2026-06-24,Meghalaya,114.65,114.65,0,https://www.goodreturns.in/petrol-price-in-meghalaya-s19.html
2026-06-24,Mizoram,111.21,111.21,0,https://www.goodreturns.in/petrol-price-in-mizoram-s20.html
2026-06-24,Nagaland,106.82,106.82,0,https://www.goodreturns.in/petrol-price-in-nagaland-s21.html
2026-06-24,Odisha,102.56,102.56,0,https://www.goodreturns.in/petrol-price-in-odisha-s22.html
2026-06-24,Punjab,106.49,106.49,0,https://www.goodreturns.in/petrol-price-in-punjab-s23.html
2026-06-24,Rajasthan,104.46,104.46,0,https://www.goodreturns.in/petrol-price-in-rajasthan-s24.html
2026-06-24,Sikkim,108.97,108.97,0,https://www.goodreturns.in/petrol-price-in-sikkim-s25.html
2026-06-24,Tamil Nadu,103.58,103.58,0,https://www.goodreturns.in/petrol-price-in-tamil-nadu-s26.html
2026-06-24,Telangana,105.49,105.49,0,https://www.goodreturns.in/petrol-price-in-telangana-s27.html
2026-06-24,Tripura,113.35,113.35,0,https://www.goodreturns.in/petrol-price-in-tripura-s28.html
2026-06-24,Uttar Pradesh,110.95,110.95,0,https://www.goodreturns.in/petrol-price-in-uttar-pradesh-s29.html
2026-06-24,Uttarakhand,100.85,100.85,0,https://www.goodreturns.in/petrol-price-in-uttarakhand-s30.html
2026-06-24,West Bengal,115.69,115.69,0,https://www.goodreturns.in/petrol-price-in-west-bengal-s31.html
2026-06-25,Andhra Pradesh,118.1,117.68,0.42,https://www.goodreturns.in/petrol-price-in-andhra-pradesh-s2.html
2026-06-25,Arunachal Pradesh,97.93,97.81,0.12,https://www.goodreturns.in/petrol-price-in-arunachal-pradesh-s3.html
2026-06-25,Assam,105.73,105.74,-0.01,https://www.goodreturns.in/petrol-price-in-assam-s4.html
2026-06-25,Bihar,113.37,113.37,0,https://www.goodreturns.in/petrol-price-in-bihar-s5.html
2026-06-25,Chhattisgarh,101.54,101.54,0,https://www.goodreturns.in/petrol-price-in-chhattisgarh-s6.html
2026-06-25,Delhi,102.12,96.72,5.4,https://www.goodreturns.in/petrol-price-in-delhi-s10.html
2026-06-25,Goa,108.3,108.06,0.24,https://www.goodreturns.in/petrol-price-in-goa-s7.html
2026-06-25,Gujarat,99.44,99.5,-0.06,https://www.goodreturns.in/petrol-price-in-gujarat-s8.html
2026-06-25,Haryana,99.44,99.5,-0.06,https://www.goodreturns.in/petrol-price-in-haryana-s9.html
2026-06-25,Himachal Pradesh,104,104.19,-0.19,https://www.goodreturns.in/petrol-price-in-himachal-pradesh-s11.html
2026-06-25,Jammu & Kashmir,102.04,102.27,-0.23,https://www.goodreturns.in/petrol-price-in-jammu-kashmir-s12.html
2026-06-25,Jharkhand,103.28,103.28,0,https://www.goodreturns.in/petrol-price-in-jharkhand-s13.html
2026-06-25,Karnataka,102.58,102.55,0.03,https://www.goodreturns.in/petrol-price-in-karnataka-s14.html
2026-06-25,Kerala,104.13,104.98,-0.85,https://www.goodreturns.in/petrol-price-in-kerala-s15.html
2026-06-25,Madhya Pradesh,106.19,105.26,0.93,https://www.goodreturns.in/petrol-price-in-madhya-pradesh-s16.html
2026-06-25,Maharashtra,111.68,102.86,8.82,https://www.goodreturns.in/petrol-price-in-maharashtra-s17.html
2026-06-25,Manipur,115.49,115.49,0,https://www.goodreturns.in/petrol-price-in-manipur-s18.html
2026-06-25,Meghalaya,114.54,114.65,-0.11,https://www.goodreturns.in/petrol-price-in-meghalaya-s19.html
2026-06-25,Mizoram,111.21,111.21,0,https://www.goodreturns.in/petrol-price-in-mizoram-s20.html
2026-06-25,Nagaland,106.82,106.82,0,https://www.goodreturns.in/petrol-price-in-nagaland-s21.html
2026-06-25,Odisha,102.56,102.56,0,https://www.goodreturns.in/petrol-price-in-odisha-s22.html
2026-06-25,Punjab,106.39,106.49,-0.1,https://www.goodreturns.in/petrol-price-in-punjab-s23.html
2026-06-25,Rajasthan,104.8,104.46,0.34,https://www.goodreturns.in/petrol-price-in-rajasthan-s24.html
2026-06-25,Sikkim,108.97,108.97,0,https://www.goodreturns.in/petrol-price-in-sikkim-s25.html
2026-06-25,Tamil Nadu,103.58,103.58,0,https://www.goodreturns.in/petrol-price-in-tamil-nadu-s26.html
2026-06-25,Telangana,105.56,105.49,0.07,https://www.goodreturns.in/petrol-price-in-telangana-s27.html
2026-06-25,Tripura,113.19,113.35,-0.16,https://www.goodreturns.in/petrol-price-in-tripura-s28.html
2026-06-25,Uttar Pradesh,110.95,110.95,0,https://www.goodreturns.in/petrol-price-in-uttar-pradesh-s29.html
2026-06-25,Uttarakhand,107.76,100.85,6.91,https://www.goodreturns.in/petrol-price-in-uttarakhand-s30.html
2026-06-25,West Bengal,115.69,115.69,0,https://www.goodreturns.in/petrol-price-in-west-bengal-s31.html
2026-06-26,Andhra Pradesh,118.1,118.1,0,https://www.goodreturns.in/petrol-price-in-andhra-pradesh-s2.html
2026-06-26,Arunachal Pradesh,97.93,97.93,0,https://www.goodreturns.in/petrol-price-in-arunachal-pradesh-s3.html
2026-06-26,Assam,105.73,105.73,0,https://www.goodreturns.in/petrol-price-in-assam-s4.html
2026-06-26,Bihar,113.37,113.37,0,https://www.goodreturns.in/petrol-price-in-bihar-s5.html
2026-06-26,Chhattisgarh,101.54,101.54,0,https://www.goodreturns.in/petrol-price-in-chhattisgarh-s6.html
2026-06-26,Delhi,102.12,102.12,0,https://www.goodreturns.in/petrol-price-in-delhi-s10.html
2026-06-26,Goa,108.3,108.3,0,https://www.goodreturns.in/petrol-price-in-goa-s7.html
2026-06-26,Gujarat,99.44,99.44,0,https://www.goodreturns.in/petrol-price-in-gujarat-s8.html
2026-06-26,Haryana,99.44,99.44,0,https://www.goodreturns.in/petrol-price-in-haryana-s9.html
2026-06-26,Himachal Pradesh,104,104,0,https://www.goodreturns.in/petrol-price-in-himachal-pradesh-s11.html
2026-06-26,Jammu & Kashmir,102.04,102.04,0,https://www.goodreturns.in/petrol-price-in-jammu-kashmir-s12.html
2026-06-26,Jharkhand,103.28,103.28,0,https://www.goodreturns.in/petrol-price-in-jharkhand-s13.html
2026-06-26,Karnataka,102.58,102.58,0,https://www.goodreturns.in/petrol-price-in-karnataka-s14.html
2026-06-26,Kerala,104.13,104.13,0,https://www.goodreturns.in/petrol-price-in-kerala-s15.html
2026-06-26,Madhya Pradesh,106.19,106.19,0,https://www.goodreturns.in/petrol-price-in-madhya-pradesh-s16.html
2026-06-26,Maharashtra,111.68,111.68,0,https://www.goodreturns.in/petrol-price-in-maharashtra-s17.html
2026-06-26,Manipur,115.49,115.49,0,https://www.goodreturns.in/petrol-price-in-manipur-s18.html
2026-06-26,Meghalaya,114.54,114.54,0,https://www.goodreturns.in/petrol-price-in-meghalaya-s19.html
2026-06-26,Mizoram,111.21,111.21,0,https://www.goodreturns.in/petrol-price-in-mizoram-s20.html
2026-06-26,Nagaland,106.82,106.82,0,https://www.goodreturns.in/petrol-price-in-nagaland-s21.html
2026-06-26,Odisha,102.56,102.56,0,https://www.goodreturns.in/petrol-price-in-odisha-s22.html
2026-06-26,Punjab,106.39,106.39,0,https://www.goodreturns.in/petrol-price-in-punjab-s23.html
2026-06-26,Rajasthan,104.8,104.8,0,https://www.goodreturns.in/petrol-price-in-rajasthan-s24.html
2026-06-26,Sikkim,108.97,108.97,0,https://www.goodreturns.in/petrol-price-in-sikkim-s25.html
2026-06-26,Tamil Nadu,103.58,103.58,0,https://www.goodreturns.in/petrol-price-in-tamil-nadu-s26.html
2026-06-26,Telangana,105.56,105.56,0,https://www.goodreturns.in/petrol-price-in-telangana-s27.html
2026-06-26,Tripura,113.19,113.19,0,https://www.goodreturns.in/petrol-price-in-tripura-s28.html
2026-06-26,Uttar Pradesh,110.95,110.95,0,https://www.goodreturns.in/petrol-price-in-uttar-pradesh-s29.html
2026-06-26,Uttarakhand,107.76,107.76,0,https://www.goodreturns.in/petrol-price-in-uttarakhand-s30.html
2026-06-26,West Bengal,115.69,115.69,0,https://www.goodreturns.in/petrol-price-in-west-bengal-s31.html
2026-06-27,Andhra Pradesh,117.25,118.1,-0.85,https://www.goodreturns.in/petrol-price-in-andhra-pradesh-s2.html
2026-06-27,Arunachal Pradesh,97.93,97.93,0,https://www.goodreturns.in/petrol-price-in-arunachal-pradesh-s3.html
2026-06-27,Assam,105.73,105.73,0,https://www.goodreturns.in/petrol-price-in-assam-s4.html
2026-06-27,Bihar,113.37,113.37,0,https://www.goodreturns.in/petrol-price-in-bihar-s5.html
2026-06-27,Chhattisgarh,101.54,101.54,0,https://www.goodreturns.in/petrol-price-in-chhattisgarh-s6.html
2026-06-27,Delhi,102.12,102.12,0,https://www.goodreturns.in/petrol-price-in-delhi-s10.html
2026-06-27,Goa,108.3,108.3,0,https://www.goodreturns.in/petrol-price-in-goa-s7.html
2026-06-27,Gujarat,99.44,99.44,0,https://www.goodreturns.in/petrol-price-in-gujarat-s8.html
2026-06-27,Haryana,99.44,99.44,0,https://www.goodreturns.in/petrol-price-in-haryana-s9.html
2026-06-27,Himachal Pradesh,103.92,104,-0.08,https://www.goodreturns.in/petrol-price-in-himachal-pradesh-s11.html
2026-06-27,Jammu & Kashmir,102.04,102.04,0,https://www.goodreturns.in/petrol-price-in-jammu-kashmir-s12.html
2026-06-27,Jharkhand,103.28,103.28,0,https://www.goodreturns.in/petrol-price-in-jharkhand-s13.html
2026-06-27,Karnataka,102.58,102.58,0,https://www.goodreturns.in/petrol-price-in-karnataka-s14.html
2026-06-27,Kerala,104.13,104.13,0,https://www.goodreturns.in/petrol-price-in-kerala-s15.html
2026-06-27,Madhya Pradesh,106.19,106.19,0,https://www.goodreturns.in/petrol-price-in-madhya-pradesh-s16.html
2026-06-27,Maharashtra,111.68,111.68,0,https://www.goodreturns.in/petrol-price-in-maharashtra-s17.html
2026-06-27,Manipur,115.49,115.49,0,https://www.goodreturns.in/petrol-price-in-manipur-s18.html
2026-06-27,Meghalaya,114.54,114.54,0,https://www.goodreturns.in/petrol-price-in-meghalaya-s19.html
2026-06-27,Mizoram,111.21,111.21,0,https://www.goodreturns.in/petrol-price-in-mizoram-s20.html
2026-06-27,Nagaland,106.82,106.82,0,https://www.goodreturns.in/petrol-price-in-nagaland-s21.html
2026-06-27,Odisha,102.56,102.56,0,https://www.goodreturns.in/petrol-price-in-odisha-s22.html
2026-06-27,Punjab,106.39,106.39,0,https://www.goodreturns.in/petrol-price-in-punjab-s23.html
2026-06-27,Rajasthan,104.8,104.8,0,https://www.goodreturns.in/petrol-price-in-rajasthan-s24.html
2026-06-27,Sikkim,108.97,108.97,0,https://www.goodreturns.in/petrol-price-in-sikkim-s25.html
2026-06-27,Tamil Nadu,103.58,103.58,0,https://www.goodreturns.in/petrol-price-in-tamil-nadu-s26.html
2026-06-27,Telangana,105.56,105.56,0,https://www.goodreturns.in/petrol-price-in-telangana-s27.html
2026-06-27,Tripura,113.19,113.19,0,https://www.goodreturns.in/petrol-price-in-tripura-s28.html
2026-06-27,Uttar Pradesh,110.95,110.95,0,https://www.goodreturns.in/petrol-price-in-uttar-pradesh-s29.html
2026-06-27,Uttarakhand,107.76,107.76,0,https://www.goodreturns.in/petrol-price-in-uttarakhand-s30.html
2026-06-27,West Bengal,115.69,115.69,0,https://www.goodreturns.in/petrol-price-in-west-bengal-s31.html
2026-06-28,Andhra Pradesh,117.51,117.25,0.26,https://www.goodreturns.in/petrol-price-in-andhra-pradesh-s2.html
2026-06-28,Arunachal Pradesh,97.93,97.93,0,https://www.goodreturns.in/petrol-price-in-arunachal-pradesh-s3.html
2026-06-28,Assam,105.73,105.73,0,https://www.goodreturns.in/petrol-price-in-assam-s4.html
2026-06-28,Bihar,113.35,113.37,-0.02,https://www.goodreturns.in/petrol-price-in-bihar-s5.html
2026-06-28,Chhattisgarh,101.54,101.54,0,https://www.goodreturns.in/petrol-price-in-chhattisgarh-s6.html
2026-06-28,Delhi,102.12,102.12,0,https://www.goodreturns.in/petrol-price-in-delhi-s10.html
2026-06-28,Goa,108.3,108.3,0,https://www.goodreturns.in/petrol-price-in-goa-s7.html
2026-06-28,Gujarat,99.44,99.44,0,https://www.goodreturns.in/petrol-price-in-gujarat-s8.html
2026-06-28,Haryana,99.44,99.44,0,https://www.goodreturns.in/petrol-price-in-haryana-s9.html
2026-06-28,Himachal Pradesh,104,103.92,0.08,https://www.goodreturns.in/petrol-price-in-himachal-pradesh-s11.html
2026-06-28,Jammu & Kashmir,102.01,102.04,-0.03,https://www.goodreturns.in/petrol-price-in-jammu-kashmir-s12.html
2026-06-28,Jharkhand,103.28,103.28,0,https://www.goodreturns.in/petrol-price-in-jharkhand-s13.html
2026-06-28,Karnataka,102.58,102.58,0,https://www.goodreturns.in/petrol-price-in-karnataka-s14.html
2026-06-28,Kerala,104.13,104.13,0,https://www.goodreturns.in/petrol-price-in-kerala-s15.html
2026-06-28,Madhya Pradesh,106.19,106.19,0,https://www.goodreturns.in/petrol-price-in-madhya-pradesh-s16.html
2026-06-28,Maharashtra,111.68,111.68,0,https://www.goodreturns.in/petrol-price-in-maharashtra-s17.html
2026-06-28,Manipur,115.49,115.49,0,https://www.goodreturns.in/petrol-price-in-manipur-s18.html
2026-06-28,Meghalaya,114.54,114.54,0,https://www.goodreturns.in/petrol-price-in-meghalaya-s19.html
2026-06-28,Mizoram,111.21,111.21,0,https://www.goodreturns.in/petrol-price-in-mizoram-s20.html
2026-06-28,Nagaland,106.82,106.82,0,https://www.goodreturns.in/petrol-price-in-nagaland-s21.html
2026-06-28,Odisha,102.56,102.56,0,https://www.goodreturns.in/petrol-price-in-odisha-s22.html
2026-06-28,Punjab,106.39,106.39,0,https://www.goodreturns.in/petrol-price-in-punjab-s23.html
2026-06-28,Rajasthan,104.8,104.8,0,https://www.goodreturns.in/petrol-price-in-rajasthan-s24.html
2026-06-28,Sikkim,110.49,108.97,1.52,https://www.goodreturns.in/petrol-price-in-sikkim-s25.html
2026-06-28,Tamil Nadu,103.58,103.58,0,https://www.goodreturns.in/petrol-price-in-tamil-nadu-s26.html
2026-06-28,Telangana,105.56,105.56,0,https://www.goodreturns.in/petrol-price-in-telangana-s27.html
2026-06-28,Tripura,113.19,113.19,0,https://www.goodreturns.in/petrol-price-in-tripura-s28.html
2026-06-28,Uttar Pradesh,110.95,110.95,0,https://www.goodreturns.in/petrol-price-in-uttar-pradesh-s29.html
2026-06-28,Uttarakhand,107.76,107.76,0,https://www.goodreturns.in/petrol-price-in-uttarakhand-s30.html
2026-06-28,West Bengal,115.69,115.69,0,https://www.goodreturns.in/petrol-price-in-west-bengal-s31.html
2026-06-29,Andhra Pradesh,117.51,117.51,0,https://www.goodreturns.in/petrol-price-in-andhra-pradesh-s2.html
2026-06-29,Arunachal Pradesh,97.93,97.93,0,https://www.goodreturns.in/petrol-price-in-arunachal-pradesh-s3.html
2026-06-29,Assam,105.73,105.73,0,https://www.goodreturns.in/petrol-price-in-assam-s4.html
2026-06-29,Bihar,113.37,113.35,0.02,https://www.goodreturns.in/petrol-price-in-bihar-s5.html
2026-06-29,Chhattisgarh,101.54,101.54,0,https://www.goodreturns.in/petrol-price-in-chhattisgarh-s6.html
2026-06-29,Delhi,102.12,102.12,0,https://www.goodreturns.in/petrol-price-in-delhi-s10.html
2026-06-29,Goa,108.3,108.3,0,https://www.goodreturns.in/petrol-price-in-goa-s7.html
2026-06-29,Gujarat,99.44,99.44,0,https://www.goodreturns.in/petrol-price-in-gujarat-s8.html
2026-06-29,Haryana,99.44,99.44,0,https://www.goodreturns.in/petrol-price-in-haryana-s9.html
2026-06-29,Himachal Pradesh,103.92,104,-0.08,https://www.goodreturns.in/petrol-price-in-himachal-pradesh-s11.html
2026-06-29,Jammu & Kashmir,102.04,102.01,0.03,https://www.goodreturns.in/petrol-price-in-jammu-kashmir-s12.html
2026-06-29,Jharkhand,103.28,103.28,0,https://www.goodreturns.in/petrol-price-in-jharkhand-s13.html
2026-06-29,Karnataka,102.58,102.58,0,https://www.goodreturns.in/petrol-price-in-karnataka-s14.html
2026-06-29,Kerala,104.13,104.13,0,https://www.goodreturns.in/petrol-price-in-kerala-s15.html
2026-06-29,Madhya Pradesh,106.59,106.19,0.4,https://www.goodreturns.in/petrol-price-in-madhya-pradesh-s16.html
2026-06-29,Maharashtra,111.68,111.68,0,https://www.goodreturns.in/petrol-price-in-maharashtra-s17.html
2026-06-29,Manipur,115.49,115.49,0,https://www.goodreturns.in/petrol-price-in-manipur-s18.html
2026-06-29,Meghalaya,114.54,114.54,0,https://www.goodreturns.in/petrol-price-in-meghalaya-s19.html
2026-06-29,Mizoram,111.21,111.21,0,https://www.goodreturns.in/petrol-price-in-mizoram-s20.html
2026-06-29,Nagaland,106.82,106.82,0,https://www.goodreturns.in/petrol-price-in-nagaland-s21.html
2026-06-29,Odisha,102.56,102.56,0,https://www.goodreturns.in/petrol-price-in-odisha-s22.html
2026-06-29,Punjab,106.39,106.39,0,https://www.goodreturns.in/petrol-price-in-punjab-s23.html
2026-06-29,Rajasthan,104.8,104.8,0,https://www.goodreturns.in/petrol-price-in-rajasthan-s24.html
2026-06-29,Sikkim,108.97,110.49,-1.52,https://www.goodreturns.in/petrol-price-in-sikkim-s25.html
2026-06-29,Tamil Nadu,103.58,103.58,0,https://www.goodreturns.in/petrol-price-in-tamil-nadu-s26.html
2026-06-29,Telangana,105.56,105.56,0,https://www.goodreturns.in/petrol-price-in-telangana-s27.html
2026-06-29,Tripura,113.19,113.19,0,https://www.goodreturns.in/petrol-price-in-tripura-s28.html
2026-06-29,Uttar Pradesh,110.95,110.95,0,https://www.goodreturns.in/petrol-price-in-uttar-pradesh-s29.html
2026-06-29,Uttarakhand,107.76,107.76,0,https://www.goodreturns.in/petrol-price-in-uttarakhand-s30.html
2026-06-29,West Bengal,115.69,115.69,0,https://www.goodreturns.in/petrol-price-in-west-bengal-s31.html
2026-06-30,Andhra Pradesh,117.51,117.51,0,https://www.goodreturns.in/petrol-price-in-andhra-pradesh-s2.html
2026-06-30,Arunachal Pradesh,97.93,97.93,0,https://www.goodreturns.in/petrol-price-in-arunachal-pradesh-s3.html
2026-06-30,Assam,105.73,105.73,0,https://www.goodreturns.in/petrol-price-in-assam-s4.html
2026-06-30,Bihar,113.37,113.37,0,https://www.goodreturns.in/petrol-price-in-bihar-s5.html
2026-06-30,Chhattisgarh,101.51,101.54,-0.03,https://www.goodreturns.in/petrol-price-in-chhattisgarh-s6.html
2026-06-30,Delhi,102.12,102.12,0,https://www.goodreturns.in/petrol-price-in-delhi-s10.html
2026-06-30,Goa,108.06,108.3,-0.24,https://www.goodreturns.in/petrol-price-in-goa-s7.html
2026-06-30,Gujarat,99.46,99.44,0.02,https://www.goodreturns.in/petrol-price-in-gujarat-s8.html
2026-06-30,Haryana,99.46,99.44,0.02,https://www.goodreturns.in/petrol-price-in-haryana-s9.html
2026-06-30,Himachal Pradesh,104.06,103.92,0.14,https://www.goodreturns.in/petrol-price-in-himachal-pradesh-s11.html
2026-06-30,Jammu & Kashmir,102.1,102.04,0.06,https://www.goodreturns.in/petrol-price-in-jammu-kashmir-s12.html
2026-06-30,Jharkhand,103.28,103.28,0,https://www.goodreturns.in/petrol-price-in-jharkhand-s13.html
2026-06-30,Karnataka,102.58,102.58,0,https://www.goodreturns.in/petrol-price-in-karnataka-s14.html
2026-06-30,Kerala,104.1,104.13,-0.03,https://www.goodreturns.in/petrol-price-in-kerala-s15.html
2026-06-30,Madhya Pradesh,106.59,106.59,0,https://www.goodreturns.in/petrol-price-in-madhya-pradesh-s16.html
2026-06-30,Maharashtra,110.82,111.68,-0.86,https://www.goodreturns.in/petrol-price-in-maharashtra-s17.html
2026-06-30,Manipur,115.49,115.49,0,https://www.goodreturns.in/petrol-price-in-manipur-s18.html
2026-06-30,Meghalaya,114.54,114.54,0,https://www.goodreturns.in/petrol-price-in-meghalaya-s19.html
2026-06-30,Mizoram,111.21,111.21,0,https://www.goodreturns.in/petrol-price-in-mizoram-s20.html
2026-06-30,Nagaland,106.82,106.82,0,https://www.goodreturns.in/petrol-price-in-nagaland-s21.html
2026-06-30,Odisha,102.56,102.56,0,https://www.goodreturns.in/petrol-price-in-odisha-s22.html
2026-06-30,Punjab,106.39,106.39,0,https://www.goodreturns.in/petrol-price-in-punjab-s23.html
2026-06-30,Rajasthan,104.8,104.8,0,https://www.goodreturns.in/petrol-price-in-rajasthan-s24.html
2026-06-30,Sikkim,108.97,108.97,0,https://www.goodreturns.in/petrol-price-in-sikkim-s25.html
2026-06-30,Tamil Nadu,103.58,103.58,0,https://www.goodreturns.in/petrol-price-in-tamil-nadu-s26.html
2026-06-30,Telangana,105.56,105.56,0,https://www.goodreturns.in/petrol-price-in-telangana-s27.html
2026-06-30,Tripura,113.19,113.19,0,https://www.goodreturns.in/petrol-price-in-tripura-s28.html
2026-06-30,Uttar Pradesh,110.95,110.95,0,https://www.goodreturns.in/petrol-price-in-uttar-pradesh-s29.html
2026-06-30,Uttarakhand,107.77,107.76,0.01,https://www.goodreturns.in/petrol-price-in-uttarakhand-s30.html
2026-06-30,West Bengal,116.15,115.69,0.46,https://www.goodreturns.in/petrol-price-in-west-bengal-s31.html
2026-07-01,Andhra Pradesh,117.51,117.51,0,https://www.goodreturns.in/petrol-price-in-andhra-pradesh-s2.html
2026-07-01,Arunachal Pradesh,97.95,97.93,0.02,https://www.goodreturns.in/petrol-price-in-arunachal-pradesh-s3.html
2026-07-01,Assam,105.73,105.73,0,https://www.goodreturns.in/petrol-price-in-assam-s4.html
2026-07-01,Bihar,113.37,113.37,0,https://www.goodreturns.in/petrol-price-in-bihar-s5.html
2026-07-01,Chhattisgarh,101.54,101.51,0.03,https://www.goodreturns.in/petrol-price-in-chhattisgarh-s6.html
2026-07-01,Delhi,102.12,102.12,0,https://www.goodreturns.in/petrol-price-in-delhi-s10.html
2026-07-01,Goa,108.06,108.06,0,https://www.goodreturns.in/petrol-price-in-goa-s7.html
2026-07-01,Gujarat,99.44,99.46,-0.02,https://www.goodreturns.in/petrol-price-in-gujarat-s8.html
2026-07-01,Haryana,99.44,99.46,-0.02,https://www.goodreturns.in/petrol-price-in-haryana-s9.html
2026-07-01,Himachal Pradesh,104.06,104.06,0,https://www.goodreturns.in/petrol-price-in-himachal-pradesh-s11.html
2026-07-01,Jammu & Kashmir,101.83,102.1,-0.27,https://www.goodreturns.in/petrol-price-in-jammu-kashmir-s12.html
2026-07-01,Jharkhand,103.28,103.28,0,https://www.goodreturns.in/petrol-price-in-jharkhand-s13.html
2026-07-01,Karnataka,102.54,102.58,-0.04,https://www.goodreturns.in/petrol-price-in-karnataka-s14.html
2026-07-01,Kerala,104.1,104.1,0,https://www.goodreturns.in/petrol-price-in-kerala-s15.html
2026-07-01,Madhya Pradesh,106.19,106.59,-0.4,https://www.goodreturns.in/petrol-price-in-madhya-pradesh-s16.html
2026-07-01,Maharashtra,111.68,110.82,0.86,https://www.goodreturns.in/petrol-price-in-maharashtra-s17.html
2026-07-01,Manipur,115.49,115.49,0,https://www.goodreturns.in/petrol-price-in-manipur-s18.html
2026-07-01,Meghalaya,114.54,114.54,0,https://www.goodreturns.in/petrol-price-in-meghalaya-s19.html
2026-07-01,Mizoram,111.21,111.21,0,https://www.goodreturns.in/petrol-price-in-mizoram-s20.html
2026-07-01,Nagaland,106.87,106.82,0.05,https://www.goodreturns.in/petrol-price-in-nagaland-s21.html
2026-07-01,Odisha,102.6,102.56,0.04,https://www.goodreturns.in/petrol-price-in-odisha-s22.html
2026-07-01,Punjab,106.55,106.39,0.16,https://www.goodreturns.in/petrol-price-in-punjab-s23.html
2026-07-01,Rajasthan,104.87,104.8,0.07,https://www.goodreturns.in/petrol-price-in-rajasthan-s24.html
2026-07-01,Sikkim,108.97,108.97,0,https://www.goodreturns.in/petrol-price-in-sikkim-s25.html
2026-07-01,Tamil Nadu,103.58,103.58,0,https://www.goodreturns.in/petrol-price-in-tamil-nadu-s26.html
2026-07-01,Telangana,105.29,105.56,-0.27,https://www.goodreturns.in/petrol-price-in-telangana-s27.html
2026-07-01,Tripura,113.19,113.19,0,https://www.goodreturns.in/petrol-price-in-tripura-s28.html
2026-07-01,Uttar Pradesh,110.6,110.95,-0.35,https://www.goodreturns.in/petrol-price-in-uttar-pradesh-s29.html
2026-07-01,Uttarakhand,107.76,107.77,-0.01,https://www.goodreturns.in/petrol-price-in-uttarakhand-s30.html
2026-07-01,West Bengal,115.69,116.15,-0.46,https://www.goodreturns.in/petrol-price-in-west-bengal-s31.html
2026-07-02,Andhra Pradesh,117.51,117.51,0,https://www.goodreturns.in/petrol-price-in-andhra-pradesh-s2.html
2026-07-02,Arunachal Pradesh,97.95,97.95,0,https://www.goodreturns.in/petrol-price-in-arunachal-pradesh-s3.html
2026-07-02,Assam,106.65,105.73,0.92,https://www.goodreturns.in/petrol-price-in-assam-s4.html
2026-07-02,Bihar,113.69,113.37,0.32,https://www.goodreturns.in/petrol-price-in-bihar-s5.html
2026-07-02,Chhattisgarh,101.54,101.54,0,https://www.goodreturns.in/petrol-price-in-chhattisgarh-s6.html
2026-07-02,Delhi,102.12,102.12,0,https://www.goodreturns.in/petrol-price-in-delhi-s10.html
2026-07-02,Goa,108.06,108.06,0,https://www.goodreturns.in/petrol-price-in-goa-s7.html
2026-07-02,Gujarat,99.44,99.44,0,https://www.goodreturns.in/petrol-price-in-gujarat-s8.html
2026-07-02,Haryana,99.44,99.44,0,https://www.goodreturns.in/petrol-price-in-haryana-s9.html
2026-07-02,Himachal Pradesh,104,104.06,-0.06,https://www.goodreturns.in/petrol-price-in-himachal-pradesh-s11.html
2026-07-02,Jammu & Kashmir,102.01,101.83,0.18,https://www.goodreturns.in/petrol-price-in-jammu-kashmir-s12.html
2026-07-02,Jharkhand,103.28,103.28,0,https://www.goodreturns.in/petrol-price-in-jharkhand-s13.html
2026-07-02,Karnataka,102.38,102.54,-0.16,https://www.goodreturns.in/petrol-price-in-karnataka-s14.html
2026-07-02,Kerala,104.1,104.1,0,https://www.goodreturns.in/petrol-price-in-kerala-s15.html
2026-07-02,Madhya Pradesh,106.19,106.19,0,https://www.goodreturns.in/petrol-price-in-madhya-pradesh-s16.html
2026-07-02,Maharashtra,111.68,111.68,0,https://www.goodreturns.in/petrol-price-in-maharashtra-s17.html
2026-07-02,Manipur,114.8,115.49,-0.69,https://www.goodreturns.in/petrol-price-in-manipur-s18.html
2026-07-02,Meghalaya,114.54,114.54,0,https://www.goodreturns.in/petrol-price-in-meghalaya-s19.html
2026-07-02,Mizoram,111.21,111.21,0,https://www.goodreturns.in/petrol-price-in-mizoram-s20.html
2026-07-02,Nagaland,106.87,106.87,0,https://www.goodreturns.in/petrol-price-in-nagaland-s21.html
2026-07-02,Odisha,102.6,102.6,0,https://www.goodreturns.in/petrol-price-in-odisha-s22.html
2026-07-02,Punjab,106.55,106.55,0,https://www.goodreturns.in/petrol-price-in-punjab-s23.html
2026-07-02,Rajasthan,104.87,104.87,0,https://www.goodreturns.in/petrol-price-in-rajasthan-s24.html
2026-07-02,Sikkim,108.97,108.97,0,https://www.goodreturns.in/petrol-price-in-sikkim-s25.html
2026-07-02,Tamil Nadu,103.58,103.58,0,https://www.goodreturns.in/petrol-price-in-tamil-nadu-s26.html
2026-07-02,Telangana,105.56,105.29,0.27,https://www.goodreturns.in/petrol-price-in-telangana-s27.html
2026-07-02,Tripura,113.19,113.19,0,https://www.goodreturns.in/petrol-price-in-tripura-s28.html
2026-07-02,Uttar Pradesh,110.6,110.6,0,https://www.goodreturns.in/petrol-price-in-uttar-pradesh-s29.html
2026-07-02,Uttarakhand,107.77,107.76,0.01,https://www.goodreturns.in/petrol-price-in-uttarakhand-s30.html
2026-07-02,West Bengal,115.69,115.69,0,https://www.goodreturns.in/petrol-price-in-west-bengal-s31.html
2026-07-03,Andhra Pradesh,118.1,117.51,0.59,https://www.goodreturns.in/petrol-price-in-andhra-pradesh-s2.html
2026-07-03,Arunachal Pradesh,97.7,97.95,-0.25,https://www.goodreturns.in/petrol-price-in-arunachal-pradesh-s3.html
2026-07-03,Assam,105.73,106.65,-0.92,https://www.goodreturns.in/petrol-price-in-assam-s4.html
2026-07-03,Bihar,113.37,113.69,-0.32,https://www.goodreturns.in/petrol-price-in-bihar-s5.html
2026-07-03,Chhattisgarh,101.54,101.54,0,https://www.goodreturns.in/petrol-price-in-chhattisgarh-s6.html
2026-07-03,Delhi,102.12,102.12,0,https://www.goodreturns.in/petrol-price-in-delhi-s10.html
2026-07-03,Goa,108.06,108.06,0,https://www.goodreturns.in/petrol-price-in-goa-s7.html
2026-07-03,Gujarat,99.5,99.44,0.06,https://www.goodreturns.in/petrol-price-in-gujarat-s8.html
2026-07-03,Haryana,99.5,99.44,0.06,https://www.goodreturns.in/petrol-price-in-haryana-s9.html
2026-07-03,Himachal Pradesh,104,104,0,https://www.goodreturns.in/petrol-price-in-himachal-pradesh-s11.html
2026-07-03,Jammu & Kashmir,102.04,102.01,0.03,https://www.goodreturns.in/petrol-price-in-jammu-kashmir-s12.html
2026-07-03,Jharkhand,102.97,103.28,-0.31,https://www.goodreturns.in/petrol-price-in-jharkhand-s13.html
2026-07-03,Karnataka,102.38,102.38,0,https://www.goodreturns.in/petrol-price-in-karnataka-s14.html
2026-07-03,Kerala,104.13,104.1,0.03,https://www.goodreturns.in/petrol-price-in-kerala-s15.html
2026-07-03,Madhya Pradesh,106.59,106.19,0.4,https://www.goodreturns.in/petrol-price-in-madhya-pradesh-s16.html
2026-07-03,Maharashtra,110.93,111.68,-0.75,https://www.goodreturns.in/petrol-price-in-maharashtra-s17.html
2026-07-03,Manipur,115.49,114.8,0.69,https://www.goodreturns.in/petrol-price-in-manipur-s18.html
2026-07-03,Meghalaya,114.54,114.54,0,https://www.goodreturns.in/petrol-price-in-meghalaya-s19.html
2026-07-03,Mizoram,111.21,111.21,0,https://www.goodreturns.in/petrol-price-in-mizoram-s20.html
2026-07-03,Nagaland,106.87,106.87,0,https://www.goodreturns.in/petrol-price-in-nagaland-s21.html
2026-07-03,Odisha,102.6,102.6,0,https://www.goodreturns.in/petrol-price-in-odisha-s22.html
2026-07-03,Punjab,106.79,106.55,0.24,https://www.goodreturns.in/petrol-price-in-punjab-s23.html
2026-07-03,Rajasthan,104.87,104.87,0,https://www.goodreturns.in/petrol-price-in-rajasthan-s24.html
2026-07-03,Sikkim,110.49,108.97,1.52,https://www.goodreturns.in/petrol-price-in-sikkim-s25.html
2026-07-03,Tamil Nadu,103.58,103.58,0,https://www.goodreturns.in/petrol-price-in-tamil-nadu-s26.html
2026-07-03,Telangana,105.56,105.56,0,https://www.goodreturns.in/petrol-price-in-telangana-s27.html
2026-07-03,Tripura,113.19,113.19,0,https://www.goodreturns.in/petrol-price-in-tripura-s28.html
2026-07-03,Uttar Pradesh,110.6,110.6,0,https://www.goodreturns.in/petrol-price-in-uttar-pradesh-s29.html
2026-07-03,Uttarakhand,107.76,107.77,-0.01,https://www.goodreturns.in/petrol-price-in-uttarakhand-s30.html
2026-07-03,West Bengal,115.69,115.69,0,https://www.goodreturns.in/petrol-price-in-west-bengal-s31.html
2026-07-04,Andhra Pradesh,117.25,118.1,-0.85,https://www.goodreturns.in/petrol-price-in-andhra-pradesh-s2.html
2026-07-04,Arunachal Pradesh,97.95,97.7,0.25,https://www.goodreturns.in/petrol-price-in-arunachal-pradesh-s3.html
2026-07-04,Assam,105.73,105.73,0,https://www.goodreturns.in/petrol-price-in-assam-s4.html
2026-07-04,Bihar,114.55,113.37,1.18,https://www.goodreturns.in/petrol-price-in-bihar-s5.html
2026-07-04,Chhattisgarh,101.54,101.54,0,https://www.goodreturns.in/petrol-price-in-chhattisgarh-s6.html
2026-07-04,Delhi,102.12,102.12,0,https://www.goodreturns.in/petrol-price-in-delhi-s10.html
2026-07-04,Goa,108.3,108.06,0.24,https://www.goodreturns.in/petrol-price-in-goa-s7.html
2026-07-04,Gujarat,99.44,99.5,-0.06,https://www.goodreturns.in/petrol-price-in-gujarat-s8.html
2026-07-04,Haryana,99.44,99.5,-0.06,https://www.goodreturns.in/petrol-price-in-haryana-s9.html
2026-07-04,Himachal Pradesh,104.06,104,0.06,https://www.goodreturns.in/petrol-price-in-himachal-pradesh-s11.html
2026-07-04,Jammu & Kashmir,102.04,102.04,0,https://www.goodreturns.in/petrol-price-in-jammu-kashmir-s12.html
2026-07-04,Jharkhand,103.28,102.97,0.31,https://www.goodreturns.in/petrol-price-in-jharkhand-s13.html
2026-07-04,Karnataka,102.38,102.38,0,https://www.goodreturns.in/petrol-price-in-karnataka-s14.html
2026-07-04,Kerala,104.1,104.13,-0.03,https://www.goodreturns.in/petrol-price-in-kerala-s15.html
2026-07-04,Madhya Pradesh,106.19,106.59,-0.4,https://www.goodreturns.in/petrol-price-in-madhya-pradesh-s16.html
2026-07-04,Maharashtra,111.68,110.93,0.75,https://www.goodreturns.in/petrol-price-in-maharashtra-s17.html
2026-07-04,Manipur,115.49,115.49,0,https://www.goodreturns.in/petrol-price-in-manipur-s18.html
2026-07-04,Meghalaya,114.54,114.54,0,https://www.goodreturns.in/petrol-price-in-meghalaya-s19.html
2026-07-04,Mizoram,111.21,111.21,0,https://www.goodreturns.in/petrol-price-in-mizoram-s20.html
2026-07-04,Nagaland,106.82,106.87,-0.05,https://www.goodreturns.in/petrol-price-in-nagaland-s21.html
2026-07-04,Odisha,102.6,102.6,0,https://www.goodreturns.in/petrol-price-in-odisha-s22.html
2026-07-04,Punjab,106.55,106.79,-0.24,https://www.goodreturns.in/petrol-price-in-punjab-s23.html
2026-07-04,Rajasthan,104.87,104.87,0,https://www.goodreturns.in/petrol-price-in-rajasthan-s24.html
2026-07-04,Sikkim,108.97,110.49,-1.52,https://www.goodreturns.in/petrol-price-in-sikkim-s25.html
2026-07-04,Tamil Nadu,103.58,103.58,0,https://www.goodreturns.in/petrol-price-in-tamil-nadu-s26.html
2026-07-04,Telangana,105.56,105.56,0,https://www.goodreturns.in/petrol-price-in-telangana-s27.html
2026-07-04,Tripura,113.19,113.19,0,https://www.goodreturns.in/petrol-price-in-tripura-s28.html
2026-07-04,Uttar Pradesh,110.6,110.6,0,https://www.goodreturns.in/petrol-price-in-uttar-pradesh-s29.html
2026-07-04,Uttarakhand,107.77,107.76,0.01,https://www.goodreturns.in/petrol-price-in-uttarakhand-s30.html
2026-07-04,West Bengal,115.69,115.69,0,https://www.goodreturns.in/petrol-price-in-west-bengal-s31.html
2026-07-05,Andhra Pradesh,117.51,117.25,0.26,https://www.goodreturns.in/petrol-price-in-andhra-pradesh-s2.html
2026-07-05,Arunachal Pradesh,97.95,97.95,0,https://www.goodreturns.in/petrol-price-in-arunachal-pradesh-s3.html
2026-07-05,Assam,105.73,105.73,0,https://www.goodreturns.in/petrol-price-in-assam-s4.html
2026-07-05,Bihar,113.37,114.55,-1.18,https://www.goodreturns.in/petrol-price-in-bihar-s5.html
2026-07-05,Chhattisgarh,101.54,101.54,0,https://www.goodreturns.in/petrol-price-in-chhattisgarh-s6.html
2026-07-05,Delhi,102.12,102.12,0,https://www.goodreturns.in/petrol-price-in-delhi-s10.html
2026-07-05,Goa,108.06,108.3,-0.24,https://www.goodreturns.in/petrol-price-in-goa-s7.html
2026-07-05,Gujarat,99.44,99.44,0,https://www.goodreturns.in/petrol-price-in-gujarat-s8.html
2026-07-05,Haryana,99.44,99.44,0,https://www.goodreturns.in/petrol-price-in-haryana-s9.html
2026-07-05,Himachal Pradesh,104,104.06,-0.06,https://www.goodreturns.in/petrol-price-in-himachal-pradesh-s11.html
2026-07-05,Jammu & Kashmir,102.01,102.04,-0.03,https://www.goodreturns.in/petrol-price-in-jammu-kashmir-s12.html
2026-07-05,Jharkhand,103.28,103.28,0,https://www.goodreturns.in/petrol-price-in-jharkhand-s13.html
2026-07-05,Karnataka,102.38,102.38,0,https://www.goodreturns.in/petrol-price-in-karnataka-s14.html
2026-07-05,Kerala,104.13,104.1,0.03,https://www.goodreturns.in/petrol-price-in-kerala-s15.html
2026-07-05,Madhya Pradesh,106.19,106.19,0,https://www.goodreturns.in/petrol-price-in-madhya-pradesh-s16.html
2026-07-05,Maharashtra,111.68,111.68,0,https://www.goodreturns.in/petrol-price-in-maharashtra-s17.html
2026-07-05,Manipur,115.49,115.49,0,https://www.goodreturns.in/petrol-price-in-manipur-s18.html
2026-07-05,Meghalaya,114.45,114.54,-0.09,https://www.goodreturns.in/petrol-price-in-meghalaya-s19.html
2026-07-05,Mizoram,111.21,111.21,0,https://www.goodreturns.in/petrol-price-in-mizoram-s20.html
2026-07-05,Nagaland,106.87,106.82,0.05,https://www.goodreturns.in/petrol-price-in-nagaland-s21.html
2026-07-05,Odisha,102.6,102.6,0,https://www.goodreturns.in/petrol-price-in-odisha-s22.html
2026-07-05,Punjab,106.55,106.55,0,https://www.goodreturns.in/petrol-price-in-punjab-s23.html
2026-07-05,Rajasthan,104.87,104.87,0,https://www.goodreturns.in/petrol-price-in-rajasthan-s24.html
2026-07-05,Sikkim,110.49,108.97,1.52,https://www.goodreturns.in/petrol-price-in-sikkim-s25.html
2026-07-05,Tamil Nadu,103.61,103.58,0.03,https://www.goodreturns.in/petrol-price-in-tamil-nadu-s26.html
2026-07-05,Telangana,105.56,105.56,0,https://www.goodreturns.in/petrol-price-in-telangana-s27.html
2026-07-05,Tripura,112.66,113.19,-0.53,https://www.goodreturns.in/petrol-price-in-tripura-s28.html
2026-07-05,Uttar Pradesh,110.6,110.6,0,https://www.goodreturns.in/petrol-price-in-uttar-pradesh-s29.html
2026-07-05,Uttarakhand,107.77,107.77,0,https://www.goodreturns.in/petrol-price-in-uttarakhand-s30.html
2026-07-05,West Bengal,115.69,115.69,0,https://www.goodreturns.in/petrol-price-in-west-bengal-s31.html
2026-07-06,Andhra Pradesh,117.51,117.51,0,https://www.goodreturns.in/petrol-price-in-andhra-pradesh-s2.html
2026-07-06,Arunachal Pradesh,97.95,97.95,0,https://www.goodreturns.in/petrol-price-in-arunachal-pradesh-s3.html
2026-07-06,Assam,105.73,105.73,0,https://www.goodreturns.in/petrol-price-in-assam-s4.html
2026-07-06,Bihar,113.37,113.37,0,https://www.goodreturns.in/petrol-price-in-bihar-s5.html
2026-07-06,Chhattisgarh,101.51,101.54,-0.03,https://www.goodreturns.in/petrol-price-in-chhattisgarh-s6.html
2026-07-06,Delhi,102.12,102.12,0,https://www.goodreturns.in/petrol-price-in-delhi-s10.html
2026-07-06,Goa,108.3,108.06,0.24,https://www.goodreturns.in/petrol-price-in-goa-s7.html
2026-07-06,Gujarat,99.5,99.44,0.06,https://www.goodreturns.in/petrol-price-in-gujarat-s8.html
2026-07-06,Haryana,99.5,99.44,0.06,https://www.goodreturns.in/petrol-price-in-haryana-s9.html
2026-07-06,Himachal Pradesh,104,104,0,https://www.goodreturns.in/petrol-price-in-himachal-pradesh-s11.html
2026-07-06,Jammu & Kashmir,102.01,102.01,0,https://www.goodreturns.in/petrol-price-in-jammu-kashmir-s12.html
2026-07-06,Jharkhand,103.28,103.28,0,https://www.goodreturns.in/petrol-price-in-jharkhand-s13.html
2026-07-06,Karnataka,102.54,102.38,0.16,https://www.goodreturns.in/petrol-price-in-karnataka-s14.html
2026-07-06,Kerala,104.13,104.13,0,https://www.goodreturns.in/petrol-price-in-kerala-s15.html
2026-07-06,Madhya Pradesh,106.59,106.19,0.4,https://www.goodreturns.in/petrol-price-in-madhya-pradesh-s16.html
2026-07-06,Maharashtra,111.68,111.68,0,https://www.goodreturns.in/petrol-price-in-maharashtra-s17.html
2026-07-06,Manipur,115.49,115.49,0,https://www.goodreturns.in/petrol-price-in-manipur-s18.html
2026-07-06,Meghalaya,114.54,114.45,0.09,https://www.goodreturns.in/petrol-price-in-meghalaya-s19.html
2026-07-06,Mizoram,111.21,111.21,0,https://www.goodreturns.in/petrol-price-in-mizoram-s20.html
2026-07-06,Nagaland,107.28,106.87,0.41,https://www.goodreturns.in/petrol-price-in-nagaland-s21.html
2026-07-06,Odisha,102.6,102.6,0,https://www.goodreturns.in/petrol-price-in-odisha-s22.html
2026-07-06,Punjab,106.55,106.55,0,https://www.goodreturns.in/petrol-price-in-punjab-s23.html
2026-07-06,Rajasthan,104.87,104.87,0,https://www.goodreturns.in/petrol-price-in-rajasthan-s24.html
2026-07-06,Sikkim,108.97,110.49,-1.52,https://www.goodreturns.in/petrol-price-in-sikkim-s25.html
2026-07-06,Tamil Nadu,103.61,103.61,0,https://www.goodreturns.in/petrol-price-in-tamil-nadu-s26.html
2026-07-06,Telangana,105.56,105.56,0,https://www.goodreturns.in/petrol-price-in-telangana-s27.html
2026-07-06,Tripura,112.66,112.66,0,https://www.goodreturns.in/petrol-price-in-tripura-s28.html
2026-07-06,Uttar Pradesh,110.6,110.6,0,https://www.goodreturns.in/petrol-price-in-uttar-pradesh-s29.html
2026-07-06,Uttarakhand,107.76,107.77,-0.01,https://www.goodreturns.in/petrol-price-in-uttarakhand-s30.html
2026-07-06,West Bengal,116.99,115.69,1.3,https://www.goodreturns.in/petrol-price-in-west-bengal-s31.html
2026-07-07,Andhra Pradesh,117.51,117.51,0,https://www.goodreturns.in/petrol-price-in-andhra-pradesh-s2.html
2026-07-07,Arunachal Pradesh,97.95,97.95,0,https://www.goodreturns.in/petrol-price-in-arunachal-pradesh-s3.html
2026-07-07,Assam,105.73,105.73,0,https://www.goodreturns.in/petrol-price-in-assam-s4.html
2026-07-07,Bihar,113.37,113.37,0,https://www.goodreturns.in/petrol-price-in-bihar-s5.html
2026-07-07,Chhattisgarh,101.54,101.51,0.03,https://www.goodreturns.in/petrol-price-in-chhattisgarh-s6.html
2026-07-07,Delhi,102.12,102.12,0,https://www.goodreturns.in/petrol-price-in-delhi-s10.html
2026-07-07,Goa,108.3,108.3,0,https://www.goodreturns.in/petrol-price-in-goa-s7.html
2026-07-07,Gujarat,99.44,99.5,-0.06,https://www.goodreturns.in/petrol-price-in-gujarat-s8.html
2026-07-07,Haryana,99.44,99.5,-0.06,https://www.goodreturns.in/petrol-price-in-haryana-s9.html
2026-07-07,Himachal Pradesh,104.04,104,0.04,https://www.goodreturns.in/petrol-price-in-himachal-pradesh-s11.html
2026-07-07,Jammu & Kashmir,102.01,102.01,0,https://www.goodreturns.in/petrol-price-in-jammu-kashmir-s12.html
2026-07-07,Jharkhand,103.28,103.28,0,https://www.goodreturns.in/petrol-price-in-jharkhand-s13.html
2026-07-07,Karnataka,102.38,102.54,-0.16,https://www.goodreturns.in/petrol-price-in-karnataka-s14.html
2026-07-07,Kerala,104.13,104.13,0,https://www.goodreturns.in/petrol-price-in-kerala-s15.html
2026-07-07,Madhya Pradesh,106.19,106.59,-0.4,https://www.goodreturns.in/petrol-price-in-madhya-pradesh-s16.html
2026-07-07,Maharashtra,110.82,111.68,-0.86,https://www.goodreturns.in/petrol-price-in-maharashtra-s17.html
2026-07-07,Manipur,115.49,115.49,0,https://www.goodreturns.in/petrol-price-in-manipur-s18.html
2026-07-07,Meghalaya,114.54,114.54,0,https://www.goodreturns.in/petrol-price-in-meghalaya-s19.html
2026-07-07,Mizoram,111.21,111.21,0,https://www.goodreturns.in/petrol-price-in-mizoram-s20.html
2026-07-07,Nagaland,107.28,107.28,0,https://www.goodreturns.in/petrol-price-in-nagaland-s21.html
2026-07-07,Odisha,102.6,102.6,0,https://www.goodreturns.in/petrol-price-in-odisha-s22.html
2026-07-07,Punjab,106.79,106.55,0.24,https://www.goodreturns.in/petrol-price-in-punjab-s23.html
2026-07-07,Rajasthan,104.87,104.87,0,https://www.goodreturns.in/petrol-price-in-rajasthan-s24.html
2026-07-07,Sikkim,108.97,108.97,0,https://www.goodreturns.in/petrol-price-in-sikkim-s25.html
2026-07-07,Tamil Nadu,103.58,103.61,-0.03,https://www.goodreturns.in/petrol-price-in-tamil-nadu-s26.html
2026-07-07,Telangana,105.56,105.56,0,https://www.goodreturns.in/petrol-price-in-telangana-s27.html
2026-07-07,Tripura,113.19,112.66,0.53,https://www.goodreturns.in/petrol-price-in-tripura-s28.html
2026-07-07,Uttar Pradesh,110.6,110.6,0,https://www.goodreturns.in/petrol-price-in-uttar-pradesh-s29.html
2026-07-07,Uttarakhand,107.76,107.76,0,https://www.goodreturns.in/petrol-price-in-uttarakhand-s30.html
2026-07-07,West Bengal,116.99,116.99,0,https://www.goodreturns.in/petrol-price-in-west-bengal-s31.html
2026-07-08,Andhra Pradesh,117.51,117.51,0,https://www.goodreturns.in/petrol-price-in-andhra-pradesh-s2.html
2026-07-08,Arunachal Pradesh,97.95,97.95,0,https://www.goodreturns.in/petrol-price-in-arunachal-pradesh-s3.html
2026-07-08,Assam,105.73,105.73,0,https://www.goodreturns.in/petrol-price-in-assam-s4.html
2026-07-08,Bihar,113.37,113.37,0,https://www.goodreturns.in/petrol-price-in-bihar-s5.html
2026-07-08,Chhattisgarh,101.54,101.54,0,https://www.goodreturns.in/petrol-price-in-chhattisgarh-s6.html
2026-07-08,Delhi,102.12,102.12,0,https://www.goodreturns.in/petrol-price-in-delhi-s10.html
2026-07-08,Goa,108.3,108.3,0,https://www.goodreturns.in/petrol-price-in-goa-s7.html
2026-07-08,Gujarat,99.44,99.44,0,https://www.goodreturns.in/petrol-price-in-gujarat-s8.html
2026-07-08,Haryana,99.44,99.44,0,https://www.goodreturns.in/petrol-price-in-haryana-s9.html
2026-07-08,Himachal Pradesh,104,104.04,-0.04,https://www.goodreturns.in/petrol-price-in-himachal-pradesh-s11.html
2026-07-08,Jammu & Kashmir,102.04,102.01,0.03,https://www.goodreturns.in/petrol-price-in-jammu-kashmir-s12.html
2026-07-08,Jharkhand,103.28,103.28,0,https://www.goodreturns.in/petrol-price-in-jharkhand-s13.html
2026-07-08,Karnataka,102.38,102.38,0,https://www.goodreturns.in/petrol-price-in-karnataka-s14.html
2026-07-08,Kerala,104.13,104.13,0,https://www.goodreturns.in/petrol-price-in-kerala-s15.html
2026-07-08,Madhya Pradesh,106.19,106.19,0,https://www.goodreturns.in/petrol-price-in-madhya-pradesh-s16.html
2026-07-08,Maharashtra,111.68,110.82,0.86,https://www.goodreturns.in/petrol-price-in-maharashtra-s17.html
2026-07-08,Manipur,115.49,115.49,0,https://www.goodreturns.in/petrol-price-in-manipur-s18.html
2026-07-08,Meghalaya,114.54,114.54,0,https://www.goodreturns.in/petrol-price-in-meghalaya-s19.html
2026-07-08,Mizoram,111.21,111.21,0,https://www.goodreturns.in/petrol-price-in-mizoram-s20.html
2026-07-08,Nagaland,106.87,107.28,-0.41,https://www.goodreturns.in/petrol-price-in-nagaland-s21.html
2026-07-08,Odisha,102.6,102.6,0,https://www.goodreturns.in/petrol-price-in-odisha-s22.html
2026-07-08,Punjab,106.55,106.79,-0.24,https://www.goodreturns.in/petrol-price-in-punjab-s23.html
2026-07-08,Rajasthan,104.87,104.87,0,https://www.goodreturns.in/petrol-price-in-rajasthan-s24.html
2026-07-08,Sikkim,108.97,108.97,0,https://www.goodreturns.in/petrol-price-in-sikkim-s25.html
2026-07-08,Tamil Nadu,103.58,103.58,0,https://www.goodreturns.in/petrol-price-in-tamil-nadu-s26.html
2026-07-08,Telangana,105.56,105.56,0,https://www.goodreturns.in/petrol-price-in-telangana-s27.html
2026-07-08,Tripura,113.19,113.19,0,https://www.goodreturns.in/petrol-price-in-tripura-s28.html
2026-07-08,Uttar Pradesh,110.6,110.6,0,https://www.goodreturns.in/petrol-price-in-uttar-pradesh-s29.html
2026-07-08,Uttarakhand,107.76,107.76,0,https://www.goodreturns.in/petrol-price-in-uttarakhand-s30.html
2026-07-08,West Bengal,115.69,116.99,-1.3,https://www.goodreturns.in/petrol-price-in-west-bengal-s31.html
2026-07-09,Andhra Pradesh,117.26,117.51,-0.25,https://www.goodreturns.in/petrol-price-in-andhra-pradesh-s2.html
2026-07-09,Arunachal Pradesh,97.95,97.95,0,https://www.goodreturns.in/petrol-price-in-arunachal-pradesh-s3.html
2026-07-09,Assam,105.73,105.73,0,https://www.goodreturns.in/petrol-price-in-assam-s4.html
2026-07-09,Bihar,113.37,113.37,0,https://www.goodreturns.in/petrol-price-in-bihar-s5.html
2026-07-09,Chhattisgarh,101.54,101.54,0,https://www.goodreturns.in/petrol-price-in-chhattisgarh-s6.html
2026-07-09,Delhi,102.12,102.12,0,https://www.goodreturns.in/petrol-price-in-delhi-s10.html
2026-07-09,Goa,108.06,108.3,-0.24,https://www.goodreturns.in/petrol-price-in-goa-s7.html
2026-07-09,Gujarat,99.46,99.44,0.02,https://www.goodreturns.in/petrol-price-in-gujarat-s8.html
2026-07-09,Haryana,99.46,99.44,0.02,https://www.goodreturns.in/petrol-price-in-haryana-s9.html
2026-07-09,Himachal Pradesh,103.92,104,-0.08,https://www.goodreturns.in/petrol-price-in-himachal-pradesh-s11.html
2026-07-09,Jammu & Kashmir,102.01,102.04,-0.03,https://www.goodreturns.in/petrol-price-in-jammu-kashmir-s12.html
2026-07-09,Jharkhand,103.28,103.28,0,https://www.goodreturns.in/petrol-price-in-jharkhand-s13.html
2026-07-09,Karnataka,102.38,102.38,0,https://www.goodreturns.in/petrol-price-in-karnataka-s14.html
2026-07-09,Kerala,104.13,104.13,0,https://www.goodreturns.in/petrol-price-in-kerala-s15.html
2026-07-09,Madhya Pradesh,106.19,106.19,0,https://www.goodreturns.in/petrol-price-in-madhya-pradesh-s16.html
2026-07-09,Maharashtra,111.68,111.68,0,https://www.goodreturns.in/petrol-price-in-maharashtra-s17.html
2026-07-09,Manipur,115.49,115.49,0,https://www.goodreturns.in/petrol-price-in-manipur-s18.html
2026-07-09,Meghalaya,114.57,114.54,0.03,https://www.goodreturns.in/petrol-price-in-meghalaya-s19.html
2026-07-09,Mizoram,111.21,111.21,0,https://www.goodreturns.in/petrol-price-in-mizoram-s20.html
2026-07-09,Nagaland,106.87,106.87,0,https://www.goodreturns.in/petrol-price-in-nagaland-s21.html
2026-07-09,Odisha,102.6,102.6,0,https://www.goodreturns.in/petrol-price-in-odisha-s22.html
2026-07-09,Punjab,106.55,106.55,0,https://www.goodreturns.in/petrol-price-in-punjab-s23.html
2026-07-09,Rajasthan,104.87,104.87,0,https://www.goodreturns.in/petrol-price-in-rajasthan-s24.html
2026-07-09,Sikkim,108.97,108.97,0,https://www.goodreturns.in/petrol-price-in-sikkim-s25.html
2026-07-09,Tamil Nadu,103.61,103.58,0.03,https://www.goodreturns.in/petrol-price-in-tamil-nadu-s26.html
2026-07-09,Telangana,105.56,105.56,0,https://www.goodreturns.in/petrol-price-in-telangana-s27.html
2026-07-09,Tripura,112.66,113.19,-0.53,https://www.goodreturns.in/petrol-price-in-tripura-s28.html
2026-07-09,Uttar Pradesh,110.6,110.6,0,https://www.goodreturns.in/petrol-price-in-uttar-pradesh-s29.html
2026-07-09,Uttarakhand,107.77,107.76,0.01,https://www.goodreturns.in/petrol-price-in-uttarakhand-s30.html
2026-07-09,West Bengal,115.69,115.69,0,https://www.goodreturns.in/petrol-price-in-west-bengal-s31.html
2026-07-10,Andhra Pradesh,117.25,117.26,-0.01,https://www.goodreturns.in/petrol-price-in-andhra-pradesh-s2.html
2026-07-10,Arunachal Pradesh,97.95,97.95,0,https://www.goodreturns.in/petrol-price-in-arunachal-pradesh-s3.html
2026-07-10,Assam,106.65,105.73,0.92,https://www.goodreturns.in/petrol-price-in-assam-s4.html
2026-07-10,Bihar,113.37,113.37,0,https://www.goodreturns.in/petrol-price-in-bihar-s5.html
2026-07-10,Chhattisgarh,101.54,101.54,0,https://www.goodreturns.in/petrol-price-in-chhattisgarh-s6.html
2026-07-10,Delhi,102.12,102.12,0,https://www.goodreturns.in/petrol-price-in-delhi-s10.html
2026-07-10,Goa,108.06,108.06,0,https://www.goodreturns.in/petrol-price-in-goa-s7.html
2026-07-10,Gujarat,111.7,99.46,12.24,https://www.goodreturns.in/petrol-price-in-gujarat-s8.html
2026-07-10,Haryana,111.7,99.46,12.24,https://www.goodreturns.in/petrol-price-in-haryana-s9.html
2026-07-10,Himachal Pradesh,103.92,103.92,0,https://www.goodreturns.in/petrol-price-in-himachal-pradesh-s11.html
2026-07-10,Jammu & Kashmir,102.15,102.01,0.14,https://www.goodreturns.in/petrol-price-in-jammu-kashmir-s12.html
2026-07-10,Jharkhand,103.28,103.28,0,https://www.goodreturns.in/petrol-price-in-jharkhand-s13.html
2026-07-10,Karnataka,102.38,102.38,0,https://www.goodreturns.in/petrol-price-in-karnataka-s14.html
2026-07-10,Kerala,104.87,104.13,0.74,https://www.goodreturns.in/petrol-price-in-kerala-s15.html
2026-07-10,Madhya Pradesh,105.17,106.19,-1.02,https://www.goodreturns.in/petrol-price-in-madhya-pradesh-s16.html
2026-07-10,Maharashtra,110.44,111.68,-1.24,https://www.goodreturns.in/petrol-price-in-maharashtra-s17.html
2026-07-10,Manipur,115.49,115.49,0,https://www.goodreturns.in/petrol-price-in-manipur-s18.html
2026-07-10,Meghalaya,114.36,114.57,-0.21,https://www.goodreturns.in/petrol-price-in-meghalaya-s19.html
2026-07-10,Mizoram,111.21,111.21,0,https://www.goodreturns.in/petrol-price-in-mizoram-s20.html
2026-07-10,Nagaland,103.67,106.87,-3.2,https://www.goodreturns.in/petrol-price-in-nagaland-s21.html
2026-07-10,Odisha,102.6,102.6,0,https://www.goodreturns.in/petrol-price-in-odisha-s22.html
2026-07-10,Punjab,106.92,106.55,0.37,https://www.goodreturns.in/petrol-price-in-punjab-s23.html
2026-07-10,Rajasthan,103.67,104.87,-1.2,https://www.goodreturns.in/petrol-price-in-rajasthan-s24.html
2026-07-10,Sikkim,109.78,108.97,0.81,https://www.goodreturns.in/petrol-price-in-sikkim-s25.html
2026-07-10,Tamil Nadu,109.74,103.61,6.13,https://www.goodreturns.in/petrol-price-in-tamil-nadu-s26.html
2026-07-10,Telangana,104.82,105.56,-0.74,https://www.goodreturns.in/petrol-price-in-telangana-s27.html
2026-07-10,Tripura,113.19,112.66,0.53,https://www.goodreturns.in/petrol-price-in-tripura-s28.html
2026-07-10,Uttar Pradesh,110.6,110.6,0,https://www.goodreturns.in/petrol-price-in-uttar-pradesh-s29.html
2026-07-10,Uttarakhand,107.94,107.77,0.17,https://www.goodreturns.in/petrol-price-in-uttarakhand-s30.html
2026-07-10,West Bengal,115.69,115.69,0,https://www.goodreturns.in/petrol-price-in-west-bengal-s31.html
2026-07-11,Andhra Pradesh,117.51,117.25,0.26,https://www.goodreturns.in/petrol-price-in-andhra-pradesh-s2.html
2026-07-11,Arunachal Pradesh,97.95,97.95,0,https://www.goodreturns.in/petrol-price-in-arunachal-pradesh-s3.html
2026-07-11,Assam,105.73,106.65,-0.92,https://www.goodreturns.in/petrol-price-in-assam-s4.html
2026-07-11,Bihar,113.37,113.37,0,https://www.goodreturns.in/petrol-price-in-bihar-s5.html
2026-07-11,Chhattisgarh,101.54,101.54,0,https://www.goodreturns.in/petrol-price-in-chhattisgarh-s6.html
2026-07-11,Delhi,102.12,102.12,0,https://www.goodreturns.in/petrol-price-in-delhi-s10.html
2026-07-11,Goa,108.06,108.06,0,https://www.goodreturns.in/petrol-price-in-goa-s7.html
2026-07-11,Gujarat,112.04,111.7,0.34,https://www.goodreturns.in/petrol-price-in-gujarat-s8.html
2026-07-11,Haryana,112.04,111.7,0.34,https://www.goodreturns.in/petrol-price-in-haryana-s9.html
2026-07-11,Himachal Pradesh,113.17,103.92,9.25,https://www.goodreturns.in/petrol-price-in-himachal-pradesh-s11.html
2026-07-11,Jammu & Kashmir,101.81,102.15,-0.34,https://www.goodreturns.in/petrol-price-in-jammu-kashmir-s12.html
2026-07-11,Jharkhand,103.28,103.28,0,https://www.goodreturns.in/petrol-price-in-jharkhand-s13.html
2026-07-11,Karnataka,102.38,102.38,0,https://www.goodreturns.in/petrol-price-in-karnataka-s14.html
2026-07-11,Kerala,104.13,104.87,-0.74,https://www.goodreturns.in/petrol-price-in-kerala-s15.html
2026-07-11,Madhya Pradesh,105.17,105.17,0,https://www.goodreturns.in/petrol-price-in-madhya-pradesh-s16.html
2026-07-11,Maharashtra,111.68,110.44,1.24,https://www.goodreturns.in/petrol-price-in-maharashtra-s17.html
2026-07-11,Manipur,115.49,115.49,0,https://www.goodreturns.in/petrol-price-in-manipur-s18.html
2026-07-11,Meghalaya,114.54,114.36,0.18,https://www.goodreturns.in/petrol-price-in-meghalaya-s19.html
2026-07-11,Mizoram,111.21,111.21,0,https://www.goodreturns.in/petrol-price-in-mizoram-s20.html
2026-07-11,Nagaland,106.87,103.67,3.2,https://www.goodreturns.in/petrol-price-in-nagaland-s21.html
2026-07-11,Odisha,102.6,102.6,0,https://www.goodreturns.in/petrol-price-in-odisha-s22.html
2026-07-11,Punjab,106.55,106.92,-0.37,https://www.goodreturns.in/petrol-price-in-punjab-s23.html
2026-07-11,Rajasthan,104.87,103.67,1.2,https://www.goodreturns.in/petrol-price-in-rajasthan-s24.html
2026-07-11,Sikkim,108.97,109.78,-0.81,https://www.goodreturns.in/petrol-price-in-sikkim-s25.html
2026-07-11,Tamil Nadu,103.61,109.74,-6.13,https://www.goodreturns.in/petrol-price-in-tamil-nadu-s26.html
2026-07-11,Telangana,105.56,104.82,0.74,https://www.goodreturns.in/petrol-price-in-telangana-s27.html
2026-07-11,Tripura,112.69,113.19,-0.5,https://www.goodreturns.in/petrol-price-in-tripura-s28.html
2026-07-11,Uttar Pradesh,110.6,110.6,0,https://www.goodreturns.in/petrol-price-in-uttar-pradesh-s29.html
2026-07-11,Uttarakhand,107.76,107.94,-0.18,https://www.goodreturns.in/petrol-price-in-uttarakhand-s30.html
2026-07-11,West Bengal,116.99,115.69,1.3,https://www.goodreturns.in/petrol-price-in-west-bengal-s31.html
2026-07-12,Andhra Pradesh,117.51,117.51,0,https://www.goodreturns.in/petrol-price-in-andhra-pradesh-s2.html
2026-07-12,Arunachal Pradesh,97.95,97.95,0,https://www.goodreturns.in/petrol-price-in-arunachal-pradesh-s3.html
2026-07-12,Assam,105.73,105.73,0,https://www.goodreturns.in/petrol-price-in-assam-s4.html
2026-07-12,Bihar,113.93,113.37,0.56,https://www.goodreturns.in/petrol-price-in-bihar-s5.html
2026-07-12,Chhattisgarh,101.54,101.54,0,https://www.goodreturns.in/petrol-price-in-chhattisgarh-s6.html
2026-07-12,Delhi,102.12,102.12,0,https://www.goodreturns.in/petrol-price-in-delhi-s10.html
2026-07-12,Goa,108.42,108.06,0.36,https://www.goodreturns.in/petrol-price-in-goa-s7.html
2026-07-12,Gujarat,99.63,112.04,-12.41,https://www.goodreturns.in/petrol-price-in-gujarat-s8.html
2026-07-12,Haryana,99.63,112.04,-12.41,https://www.goodreturns.in/petrol-price-in-haryana-s9.html
2026-07-12,Himachal Pradesh,104,113.17,-9.17,https://www.goodreturns.in/petrol-price-in-himachal-pradesh-s11.html
2026-07-12,Jammu & Kashmir,102.04,101.81,0.23,https://www.goodreturns.in/petrol-price-in-jammu-kashmir-s12.html
2026-07-12,Jharkhand,103.28,103.28,0,https://www.goodreturns.in/petrol-price-in-jharkhand-s13.html
2026-07-12,Karnataka,102.19,102.38,-0.19,https://www.goodreturns.in/petrol-price-in-karnataka-s14.html
2026-07-12,Kerala,104.13,104.13,0,https://www.goodreturns.in/petrol-price-in-kerala-s15.html
2026-07-12,Madhya Pradesh,106.19,105.17,1.02,https://www.goodreturns.in/petrol-price-in-madhya-pradesh-s16.html
2026-07-12,Maharashtra,111.68,111.68,0,https://www.goodreturns.in/petrol-price-in-maharashtra-s17.html
2026-07-12,Manipur,115.49,115.49,0,https://www.goodreturns.in/petrol-price-in-manipur-s18.html
2026-07-12,Meghalaya,114.54,114.54,0,https://www.goodreturns.in/petrol-price-in-meghalaya-s19.html
2026-07-12,Mizoram,111.21,111.21,0,https://www.goodreturns.in/petrol-price-in-mizoram-s20.html
2026-07-12,Nagaland,106.82,106.87,-0.05,https://www.goodreturns.in/petrol-price-in-nagaland-s21.html
2026-07-12,Odisha,102.6,102.6,0,https://www.goodreturns.in/petrol-price-in-odisha-s22.html
2026-07-12,Punjab,106.69,106.55,0.14,https://www.goodreturns.in/petrol-price-in-punjab-s23.html
2026-07-12,Rajasthan,104.43,104.87,-0.44,https://www.goodreturns.in/petrol-price-in-rajasthan-s24.html
2026-07-12,Sikkim,108.97,108.97,0,https://www.goodreturns.in/petrol-price-in-sikkim-s25.html
2026-07-12,Tamil Nadu,103.58,103.61,-0.03,https://www.goodreturns.in/petrol-price-in-tamil-nadu-s26.html
2026-07-12,Telangana,105.3,105.56,-0.26,https://www.goodreturns.in/petrol-price-in-telangana-s27.html
2026-07-12,Tripura,112.69,112.69,0,https://www.goodreturns.in/petrol-price-in-tripura-s28.html
2026-07-12,Uttar Pradesh,110.6,110.6,0,https://www.goodreturns.in/petrol-price-in-uttar-pradesh-s29.html
2026-07-12,Uttarakhand,107.76,107.76,0,https://www.goodreturns.in/petrol-price-in-uttarakhand-s30.html
2026-07-12,West Bengal,115.69,116.99,-1.3,https://www.goodreturns.in/petrol-price-in-west-bengal-s31.html
2026-07-13,Andhra Pradesh,117.51,117.51,0,https://www.goodreturns.in/petrol-price-in-andhra-pradesh-s2.html
2026-07-13,Arunachal Pradesh,97.95,97.95,0,https://www.goodreturns.in/petrol-price-in-arunachal-pradesh-s3.html
2026-07-13,Assam,105.73,105.73,0,https://www.goodreturns.in/petrol-price-in-assam-s4.html
2026-07-13,Bihar,113.37,113.93,-0.56,https://www.goodreturns.in/petrol-price-in-bihar-s5.html
2026-07-13,Chhattisgarh,101.54,101.54,0,https://www.goodreturns.in/petrol-price-in-chhattisgarh-s6.html
2026-07-13,Delhi,102.12,102.12,0,https://www.goodreturns.in/petrol-price-in-delhi-s10.html
2026-07-13,Goa,108.3,108.42,-0.12,https://www.goodreturns.in/petrol-price-in-goa-s7.html
2026-07-13,Gujarat,99.46,99.63,-0.17,https://www.goodreturns.in/petrol-price-in-gujarat-s8.html
2026-07-13,Haryana,99.46,99.63,-0.17,https://www.goodreturns.in/petrol-price-in-haryana-s9.html
2026-07-13,Himachal Pradesh,103.92,104,-0.08,https://www.goodreturns.in/petrol-price-in-himachal-pradesh-s11.html
2026-07-13,Jammu & Kashmir,102.01,102.04,-0.03,https://www.goodreturns.in/petrol-price-in-jammu-kashmir-s12.html
2026-07-13,Jharkhand,103.28,103.28,0,https://www.goodreturns.in/petrol-price-in-jharkhand-s13.html
2026-07-13,Karnataka,101.29,102.19,-0.9,https://www.goodreturns.in/petrol-price-in-karnataka-s14.html
2026-07-13,Kerala,104.13,104.13,0,https://www.goodreturns.in/petrol-price-in-kerala-s15.html
2026-07-13,Madhya Pradesh,105.17,106.19,-1.02,https://www.goodreturns.in/petrol-price-in-madhya-pradesh-s16.html
2026-07-13,Maharashtra,111.25,111.68,-0.43,https://www.goodreturns.in/petrol-price-in-maharashtra-s17.html
2026-07-13,Manipur,114.78,115.49,-0.71,https://www.goodreturns.in/petrol-price-in-manipur-s18.html
2026-07-13,Meghalaya,114.54,114.54,0,https://www.goodreturns.in/petrol-price-in-meghalaya-s19.html
2026-07-13,Mizoram,111.21,111.21,0,https://www.goodreturns.in/petrol-price-in-mizoram-s20.html
2026-07-13,Nagaland,106.82,106.82,0,https://www.goodreturns.in/petrol-price-in-nagaland-s21.html
2026-07-13,Odisha,100.6,102.6,-2,https://www.goodreturns.in/petrol-price-in-odisha-s22.html
2026-07-13,Punjab,106.69,106.69,0,https://www.goodreturns.in/petrol-price-in-punjab-s23.html
2026-07-13,Rajasthan,104.87,104.43,0.44,https://www.goodreturns.in/petrol-price-in-rajasthan-s24.html
2026-07-13,Sikkim,109.22,108.97,0.25,https://www.goodreturns.in/petrol-price-in-sikkim-s25.html
2026-07-13,Tamil Nadu,101.18,103.58,-2.4,https://www.goodreturns.in/petrol-price-in-tamil-nadu-s26.html
2026-07-13,Telangana,105.56,105.3,0.26,https://www.goodreturns.in/petrol-price-in-telangana-s27.html
2026-07-13,Tripura,112.69,112.69,0,https://www.goodreturns.in/petrol-price-in-tripura-s28.html
2026-07-13,Uttar Pradesh,110.6,110.6,0,https://www.goodreturns.in/petrol-price-in-uttar-pradesh-s29.html
2026-07-13,Uttarakhand,109.45,107.76,1.69,https://www.goodreturns.in/petrol-price-in-uttarakhand-s30.html
2026-07-13,West Bengal,115.73,115.69,0.04,https://www.goodreturns.in/petrol-price-in-west-bengal-s31.html
2026-07-14,Andhra Pradesh,117.51,117.51,0,https://www.goodreturns.in/petrol-price-in-andhra-pradesh-s2.html
2026-07-14,Arunachal Pradesh,97.95,97.95,0,https://www.goodreturns.in/petrol-price-in-arunachal-pradesh-s3.html
2026-07-14,Assam,105.73,105.73,0,https://www.goodreturns.in/petrol-price-in-assam-s4.html
2026-07-14,Bihar,113.37,113.37,0,https://www.goodreturns.in/petrol-price-in-bihar-s5.html
2026-07-14,Chhattisgarh,101.54,101.54,0,https://www.goodreturns.in/petrol-price-in-chhattisgarh-s6.html
2026-07-14,Delhi,102.12,102.12,0,https://www.goodreturns.in/petrol-price-in-delhi-s10.html
2026-07-14,Goa,108.3,108.3,0,https://www.goodreturns.in/petrol-price-in-goa-s7.html
2026-07-14,Gujarat,99.44,99.46,-0.02,https://www.goodreturns.in/petrol-price-in-gujarat-s8.html
2026-07-14,Haryana,99.44,99.46,-0.02,https://www.goodreturns.in/petrol-price-in-haryana-s9.html
2026-07-14,Himachal Pradesh,104,103.92,0.08,https://www.goodreturns.in/petrol-price-in-himachal-pradesh-s11.html
2026-07-14,Jammu & Kashmir,102.04,102.01,0.03,https://www.goodreturns.in/petrol-price-in-jammu-kashmir-s12.html
2026-07-14,Jharkhand,103.28,103.28,0,https://www.goodreturns.in/petrol-price-in-jharkhand-s13.html
2026-07-14,Karnataka,102.38,101.29,1.09,https://www.goodreturns.in/petrol-price-in-karnataka-s14.html
2026-07-14,Kerala,104.13,104.13,0,https://www.goodreturns.in/petrol-price-in-kerala-s15.html
2026-07-14,Madhya Pradesh,106.19,105.17,1.02,https://www.goodreturns.in/petrol-price-in-madhya-pradesh-s16.html
2026-07-14,Maharashtra,110.82,111.25,-0.43,https://www.goodreturns.in/petrol-price-in-maharashtra-s17.html
2026-07-14,Manipur,115.49,114.78,0.71,https://www.goodreturns.in/petrol-price-in-manipur-s18.html
2026-07-14,Meghalaya,114.54,114.54,0,https://www.goodreturns.in/petrol-price-in-meghalaya-s19.html
2026-07-14,Mizoram,111.21,111.21,0,https://www.goodreturns.in/petrol-price-in-mizoram-s20.html
2026-07-14,Nagaland,106.87,106.82,0.05,https://www.goodreturns.in/petrol-price-in-nagaland-s21.html
2026-07-14,Odisha,102.6,100.6,2,https://www.goodreturns.in/petrol-price-in-odisha-s22.html
2026-07-14,Punjab,106.55,106.69,-0.14,https://www.goodreturns.in/petrol-price-in-punjab-s23.html
2026-07-14,Rajasthan,104.87,104.87,0,https://www.goodreturns.in/petrol-price-in-rajasthan-s24.html
2026-07-14,Sikkim,108.97,109.22,-0.25,https://www.goodreturns.in/petrol-price-in-sikkim-s25.html
2026-07-14,Tamil Nadu,103.58,101.18,2.4,https://www.goodreturns.in/petrol-price-in-tamil-nadu-s26.html
2026-07-14,Telangana,105.56,105.56,0,https://www.goodreturns.in/petrol-price-in-telangana-s27.html
2026-07-14,Tripura,113.19,112.69,0.5,https://www.goodreturns.in/petrol-price-in-tripura-s28.html
2026-07-14,Uttar Pradesh,110.6,110.6,0,https://www.goodreturns.in/petrol-price-in-uttar-pradesh-s29.html
2026-07-14,Uttarakhand,107.76,109.45,-1.69,https://www.goodreturns.in/petrol-price-in-uttarakhand-s30.html
2026-07-14,West Bengal,115.69,115.73,-0.04,https://www.goodreturns.in/petrol-price-in-west-bengal-s31.html
2026-07-15,Andhra Pradesh,118.1,117.51,0.59,https://www.goodreturns.in/petrol-price-in-andhra-pradesh-s2.html
2026-07-15,Arunachal Pradesh,97.95,97.95,0,https://www.goodreturns.in/petrol-price-in-arunachal-pradesh-s3.html
2026-07-15,Assam,105.73,105.73,0,https://www.goodreturns.in/petrol-price-in-assam-s4.html
2026-07-15,Bihar,113.37,113.37,0,https://www.goodreturns.in/petrol-price-in-bihar-s5.html
2026-07-15,Chhattisgarh,101.54,101.54,0,https://www.goodreturns.in/petrol-price-in-chhattisgarh-s6.html
2026-07-15,Delhi,102.12,102.12,0,https://www.goodreturns.in/petrol-price-in-delhi-s10.html
2026-07-15,Goa,108.3,108.3,0,https://www.goodreturns.in/petrol-price-in-goa-s7.html
2026-07-15,Gujarat,99.44,99.44,0,https://www.goodreturns.in/petrol-price-in-gujarat-s8.html
2026-07-15,Haryana,99.44,99.44,0,https://www.goodreturns.in/petrol-price-in-haryana-s9.html
2026-07-15,Himachal Pradesh,104,104,0,https://www.goodreturns.in/petrol-price-in-himachal-pradesh-s11.html
2026-07-15,Jammu & Kashmir,102.04,102.04,0,https://www.goodreturns.in/petrol-price-in-jammu-kashmir-s12.html
2026-07-15,Jharkhand,103.28,103.28,0,https://www.goodreturns.in/petrol-price-in-jharkhand-s13.html
2026-07-15,Karnataka,102.38,102.38,0,https://www.goodreturns.in/petrol-price-in-karnataka-s14.html
2026-07-15,Kerala,104.13,104.13,0,https://www.goodreturns.in/petrol-price-in-kerala-s15.html
2026-07-15,Madhya Pradesh,106.19,106.19,0,https://www.goodreturns.in/petrol-price-in-madhya-pradesh-s16.html
2026-07-15,Maharashtra,111.68,110.82,0.86,https://www.goodreturns.in/petrol-price-in-maharashtra-s17.html
2026-07-15,Manipur,115.49,115.49,0,https://www.goodreturns.in/petrol-price-in-manipur-s18.html
2026-07-15,Meghalaya,114.54,114.54,0,https://www.goodreturns.in/petrol-price-in-meghalaya-s19.html
2026-07-15,Mizoram,111.21,111.21,0,https://www.goodreturns.in/petrol-price-in-mizoram-s20.html
2026-07-15,Nagaland,106.87,106.87,0,https://www.goodreturns.in/petrol-price-in-nagaland-s21.html
2026-07-15,Odisha,102.6,102.6,0,https://www.goodreturns.in/petrol-price-in-odisha-s22.html
2026-07-15,Punjab,106.55,106.55,0,https://www.goodreturns.in/petrol-price-in-punjab-s23.html
2026-07-15,Rajasthan,104.87,104.87,0,https://www.goodreturns.in/petrol-price-in-rajasthan-s24.html
2026-07-15,Sikkim,108.97,108.97,0,https://www.goodreturns.in/petrol-price-in-sikkim-s25.html
2026-07-15,Tamil Nadu,103.58,103.58,0,https://www.goodreturns.in/petrol-price-in-tamil-nadu-s26.html
2026-07-15,Telangana,105.56,105.56,0,https://www.goodreturns.in/petrol-price-in-telangana-s27.html
2026-07-15,Tripura,113.19,113.19,0,https://www.goodreturns.in/petrol-price-in-tripura-s28.html
2026-07-15,Uttar Pradesh,110.6,110.6,0,https://www.goodreturns.in/petrol-price-in-uttar-pradesh-s29.html
2026-07-15,Uttarakhand,107.76,107.76,0,https://www.goodreturns.in/petrol-price-in-uttarakhand-s30.html
2026-07-15,West Bengal,115.69,115.69,0,https://www.goodreturns.in/petrol-price-in-west-bengal-s31.html
2026-07-16,Andhra Pradesh,116.62,118.1,-1.48,https://www.goodreturns.in/petrol-price-in-andhra-pradesh-s2.html
2026-07-16,Arunachal Pradesh,106.29,97.95,8.34,https://www.goodreturns.in/petrol-price-in-arunachal-pradesh-s3.html
2026-07-16,Assam,106.65,105.73,0.92,https://www.goodreturns.in/petrol-price-in-assam-s4.html
2026-07-16,Bihar,114.36,113.37,0.99,https://www.goodreturns.in/petrol-price-in-bihar-s5.html
2026-07-16,Chhattisgarh,101.51,101.54,-0.03,https://www.goodreturns.in/petrol-price-in-chhattisgarh-s6.html
2026-07-16,Delhi,102.12,102.12,0,https://www.goodreturns.in/petrol-price-in-delhi-s10.html
2026-07-16,Goa,109.09,108.3,0.79,https://www.goodreturns.in/petrol-price-in-goa-s7.html
2026-07-16,Gujarat,99.5,99.44,0.06,https://www.goodreturns.in/petrol-price-in-gujarat-s8.html
2026-07-16,Haryana,99.5,99.44,0.06,https://www.goodreturns.in/petrol-price-in-haryana-s9.html
2026-07-16,Himachal Pradesh,110.98,104,6.98,https://www.goodreturns.in/petrol-price-in-himachal-pradesh-s11.html
2026-07-16,Jammu & Kashmir,102.04,102.04,0,https://www.goodreturns.in/petrol-price-in-jammu-kashmir-s12.html
2026-07-16,Jharkhand,102.97,103.28,-0.31,https://www.goodreturns.in/petrol-price-in-jharkhand-s13.html
2026-07-16,Karnataka,100.3,102.38,-2.08,https://www.goodreturns.in/petrol-price-in-karnataka-s14.html
2026-07-16,Kerala,107.97,104.13,3.84,https://www.goodreturns.in/petrol-price-in-kerala-s15.html
2026-07-16,Madhya Pradesh,105.35,106.19,-0.84,https://www.goodreturns.in/petrol-price-in-madhya-pradesh-s16.html
2026-07-16,Maharashtra,111.37,111.68,-0.31,https://www.goodreturns.in/petrol-price-in-maharashtra-s17.html
2026-07-16,Manipur,115.49,115.49,0,https://www.goodreturns.in/petrol-price-in-manipur-s18.html
2026-07-16,Meghalaya,115.44,114.54,0.9,https://www.goodreturns.in/petrol-price-in-meghalaya-s19.html
2026-07-16,Mizoram,111.21,111.21,0,https://www.goodreturns.in/petrol-price-in-mizoram-s20.html
2026-07-16,Nagaland,107.28,106.87,0.41,https://www.goodreturns.in/petrol-price-in-nagaland-s21.html
2026-07-16,Odisha,102.66,102.6,0.06,https://www.goodreturns.in/petrol-price-in-odisha-s22.html
2026-07-16,Punjab,105.39,106.55,-1.16,https://www.goodreturns.in/petrol-price-in-punjab-s23.html
2026-07-16,Rajasthan,107.28,104.87,2.41,https://www.goodreturns.in/petrol-price-in-rajasthan-s24.html
2026-07-16,Sikkim,108.97,108.97,0,https://www.goodreturns.in/petrol-price-in-sikkim-s25.html
2026-07-16,Tamil Nadu,107.74,103.58,4.16,https://www.goodreturns.in/petrol-price-in-tamil-nadu-s26.html
2026-07-16,Telangana,105.56,105.56,0,https://www.goodreturns.in/petrol-price-in-telangana-s27.html
2026-07-16,Tripura,113.32,113.19,0.13,https://www.goodreturns.in/petrol-price-in-tripura-s28.html
2026-07-16,Uttar Pradesh,102.12,110.6,-8.48,https://www.goodreturns.in/petrol-price-in-uttar-pradesh-s29.html
2026-07-16,Uttarakhand,107.78,107.76,0.02,https://www.goodreturns.in/petrol-price-in-uttarakhand-s30.html
2026-07-16,West Bengal,115.69,115.69,0,https://www.goodreturns.in/petrol-price-in-west-bengal-s31.html
2026-07-17,Andhra Pradesh,117.98,116.62,1.36,https://www.goodreturns.in/petrol-price-in-andhra-pradesh-s2.html
2026-07-17,Arunachal Pradesh,97.95,106.29,-8.34,https://www.goodreturns.in/petrol-price-in-arunachal-pradesh-s3.html
2026-07-17,Assam,105.73,106.65,-0.92,https://www.goodreturns.in/petrol-price-in-assam-s4.html
2026-07-17,Bihar,113.37,114.36,-0.99,https://www.goodreturns.in/petrol-price-in-bihar-s5.html
2026-07-17,Chhattisgarh,101.54,101.51,0.03,https://www.goodreturns.in/petrol-price-in-chhattisgarh-s6.html
2026-07-17,Delhi,102.12,102.12,0,https://www.goodreturns.in/petrol-price-in-delhi-s10.html
2026-07-17,Goa,108.3,109.09,-0.79,https://www.goodreturns.in/petrol-price-in-goa-s7.html
2026-07-17,Gujarat,99.44,99.5,-0.06,https://www.goodreturns.in/petrol-price-in-gujarat-s8.html
2026-07-17,Haryana,99.44,99.5,-0.06,https://www.goodreturns.in/petrol-price-in-haryana-s9.html
2026-07-17,Himachal Pradesh,104,110.98,-6.98,https://www.goodreturns.in/petrol-price-in-himachal-pradesh-s11.html
2026-07-17,Jammu & Kashmir,102.01,102.04,-0.03,https://www.goodreturns.in/petrol-price-in-jammu-kashmir-s12.html
2026-07-17,Jharkhand,103.28,102.97,0.31,https://www.goodreturns.in/petrol-price-in-jharkhand-s13.html
2026-07-17,Karnataka,101.74,100.3,1.44,https://www.goodreturns.in/petrol-price-in-karnataka-s14.html
2026-07-17,Kerala,104.82,107.97,-3.15,https://www.goodreturns.in/petrol-price-in-kerala-s15.html
2026-07-17,Madhya Pradesh,105.62,105.35,0.27,https://www.goodreturns.in/petrol-price-in-madhya-pradesh-s16.html
2026-07-17,Maharashtra,111.68,111.37,0.31,https://www.goodreturns.in/petrol-price-in-maharashtra-s17.html
2026-07-17,Manipur,115.49,115.49,0,https://www.goodreturns.in/petrol-price-in-manipur-s18.html
2026-07-17,Meghalaya,114.36,115.44,-1.08,https://www.goodreturns.in/petrol-price-in-meghalaya-s19.html
2026-07-17,Mizoram,111.18,111.21,-0.03,https://www.goodreturns.in/petrol-price-in-mizoram-s20.html
2026-07-17,Nagaland,106.91,107.28,-0.37,https://www.goodreturns.in/petrol-price-in-nagaland-s21.html
2026-07-17,Odisha,100.6,102.66,-2.06,https://www.goodreturns.in/petrol-price-in-odisha-s22.html
2026-07-17,Punjab,106.68,105.39,1.29,https://www.goodreturns.in/petrol-price-in-punjab-s23.html
2026-07-17,Rajasthan,104.87,107.28,-2.41,https://www.goodreturns.in/petrol-price-in-rajasthan-s24.html
2026-07-17,Sikkim,108.97,108.97,0,https://www.goodreturns.in/petrol-price-in-sikkim-s25.html
2026-07-17,Tamil Nadu,108.96,107.74,1.22,https://www.goodreturns.in/petrol-price-in-tamil-nadu-s26.html
2026-07-17,Telangana,105.43,105.56,-0.13,https://www.goodreturns.in/petrol-price-in-telangana-s27.html
2026-07-17,Tripura,113.61,113.32,0.29,https://www.goodreturns.in/petrol-price-in-tripura-s28.html
2026-07-17,Uttar Pradesh,102.12,102.12,0,https://www.goodreturns.in/petrol-price-in-uttar-pradesh-s29.html
2026-07-17,Uttarakhand,108.96,107.78,1.18,https://www.goodreturns.in/petrol-price-in-uttarakhand-s30.html
2026-07-17,West Bengal,117.07,115.69,1.38,https://www.goodreturns.in/petrol-price-in-west-bengal-s31.html
2026-07-18,Andhra Pradesh,117.51,117.98,-0.47,https://www.goodreturns.in/petrol-price-in-andhra-pradesh-s2.html
2026-07-18,Arunachal Pradesh,97.95,97.95,0,https://www.goodreturns.in/petrol-price-in-arunachal-pradesh-s3.html
2026-07-18,Assam,105.73,105.73,0,https://www.goodreturns.in/petrol-price-in-assam-s4.html
2026-07-18,Bihar,113.37,113.37,0,https://www.goodreturns.in/petrol-price-in-bihar-s5.html
2026-07-18,Chhattisgarh,101.54,101.54,0,https://www.goodreturns.in/petrol-price-in-chhattisgarh-s6.html
2026-07-18,Delhi,102.12,102.12,0,https://www.goodreturns.in/petrol-price-in-delhi-s10.html
2026-07-18,Goa,108.3,108.3,0,https://www.goodreturns.in/petrol-price-in-goa-s7.html
2026-07-18,Gujarat,99.44,99.44,0,https://www.goodreturns.in/petrol-price-in-gujarat-s8.html
2026-07-18,Haryana,99.44,99.44,0,https://www.goodreturns.in/petrol-price-in-haryana-s9.html
2026-07-18,Himachal Pradesh,104,104,0,https://www.goodreturns.in/petrol-price-in-himachal-pradesh-s11.html
2026-07-18,Jammu & Kashmir,102.04,102.01,0.03,https://www.goodreturns.in/petrol-price-in-jammu-kashmir-s12.html
2026-07-18,Jharkhand,103.28,103.28,0,https://www.goodreturns.in/petrol-price-in-jharkhand-s13.html
2026-07-18,Karnataka,102.38,101.74,0.64,https://www.goodreturns.in/petrol-price-in-karnataka-s14.html
2026-07-18,Kerala,104.13,104.82,-0.69,https://www.goodreturns.in/petrol-price-in-kerala-s15.html
2026-07-18,Madhya Pradesh,106.19,105.62,0.57,https://www.goodreturns.in/petrol-price-in-madhya-pradesh-s16.html
2026-07-18,Maharashtra,111.68,111.68,0,https://www.goodreturns.in/petrol-price-in-maharashtra-s17.html
2026-07-18,Manipur,115.49,115.49,0,https://www.goodreturns.in/petrol-price-in-manipur-s18.html
2026-07-18,Meghalaya,114.54,114.36,0.18,https://www.goodreturns.in/petrol-price-in-meghalaya-s19.html
2026-07-18,Mizoram,111.21,111.18,0.03,https://www.goodreturns.in/petrol-price-in-mizoram-s20.html
2026-07-18,Nagaland,106.87,106.91,-0.04,https://www.goodreturns.in/petrol-price-in-nagaland-s21.html
2026-07-18,Odisha,102.6,100.6,2,https://www.goodreturns.in/petrol-price-in-odisha-s22.html
2026-07-18,Punjab,106.55,106.68,-0.13,https://www.goodreturns.in/petrol-price-in-punjab-s23.html
2026-07-18,Rajasthan,104.87,104.87,0,https://www.goodreturns.in/petrol-price-in-rajasthan-s24.html
2026-07-18,Sikkim,108.97,108.97,0,https://www.goodreturns.in/petrol-price-in-sikkim-s25.html
2026-07-18,Tamil Nadu,103.58,108.96,-5.38,https://www.goodreturns.in/petrol-price-in-tamil-nadu-s26.html
2026-07-18,Telangana,105.56,105.43,0.13,https://www.goodreturns.in/petrol-price-in-telangana-s27.html
2026-07-18,Tripura,113.19,113.61,-0.42,https://www.goodreturns.in/petrol-price-in-tripura-s28.html
2026-07-18,Uttar Pradesh,110.6,102.12,8.48,https://www.goodreturns.in/petrol-price-in-uttar-pradesh-s29.html
2026-07-18,Uttarakhand,107.76,108.96,-1.2,https://www.goodreturns.in/petrol-price-in-uttarakhand-s30.html
2026-07-18,West Bengal,115.69,117.07,-1.38,https://www.goodreturns.in/petrol-price-in-west-bengal-s31.html
2026-07-19,Andhra Pradesh,117.51,117.51,0,https://www.goodreturns.in/petrol-price-in-andhra-pradesh-s2.html
2026-07-19,Arunachal Pradesh,97.95,97.95,0,https://www.goodreturns.in/petrol-price-in-arunachal-pradesh-s3.html
2026-07-19,Assam,105.73,105.73,0,https://www.goodreturns.in/petrol-price-in-assam-s4.html
2026-07-19,Bihar,113.43,113.37,0.06,https://www.goodreturns.in/petrol-price-in-bihar-s5.html
2026-07-19,Chhattisgarh,101.54,101.54,0,https://www.goodreturns.in/petrol-price-in-chhattisgarh-s6.html
2026-07-19,Delhi,102.12,102.12,0,https://www.goodreturns.in/petrol-price-in-delhi-s10.html
2026-07-19,Goa,108.34,108.3,0.04,https://www.goodreturns.in/petrol-price-in-goa-s7.html
2026-07-19,Gujarat,102.23,99.44,2.79,https://www.goodreturns.in/petrol-price-in-gujarat-s8.html
2026-07-19,Haryana,102.23,99.44,2.79,https://www.goodreturns.in/petrol-price-in-haryana-s9.html
2026-07-19,Himachal Pradesh,112.08,104,8.08,https://www.goodreturns.in/petrol-price-in-himachal-pradesh-s11.html
2026-07-19,Jammu & Kashmir,102.15,102.04,0.11,https://www.goodreturns.in/petrol-price-in-jammu-kashmir-s12.html
2026-07-19,Jharkhand,103.28,103.28,0,https://www.goodreturns.in/petrol-price-in-jharkhand-s13.html
2026-07-19,Karnataka,102.54,102.38,0.16,https://www.goodreturns.in/petrol-price-in-karnataka-s14.html
2026-07-19,Kerala,105.86,104.13,1.73,https://www.goodreturns.in/petrol-price-in-kerala-s15.html
2026-07-19,Madhya Pradesh,105.17,106.19,-1.02,https://www.goodreturns.in/petrol-price-in-madhya-pradesh-s16.html
2026-07-19,Maharashtra,111.68,111.68,0,https://www.goodreturns.in/petrol-price-in-maharashtra-s17.html
2026-07-19,Manipur,114.52,115.49,-0.97,https://www.goodreturns.in/petrol-price-in-manipur-s18.html
2026-07-19,Meghalaya,114.8,114.54,0.26,https://www.goodreturns.in/petrol-price-in-meghalaya-s19.html
2026-07-19,Mizoram,111.21,111.21,0,https://www.goodreturns.in/petrol-price-in-mizoram-s20.html
2026-07-19,Nagaland,106.82,106.87,-0.05,https://www.goodreturns.in/petrol-price-in-nagaland-s21.html
2026-07-19,Odisha,102.6,102.6,0,https://www.goodreturns.in/petrol-price-in-odisha-s22.html
2026-07-19,Punjab,106.69,106.55,0.14,https://www.goodreturns.in/petrol-price-in-punjab-s23.html
2026-07-19,Rajasthan,104.43,104.87,-0.44,https://www.goodreturns.in/petrol-price-in-rajasthan-s24.html
2026-07-19,Sikkim,108.97,108.97,0,https://www.goodreturns.in/petrol-price-in-sikkim-s25.html
2026-07-19,Tamil Nadu,103.61,103.58,0.03,https://www.goodreturns.in/petrol-price-in-tamil-nadu-s26.html
2026-07-19,Telangana,105.56,105.56,0,https://www.goodreturns.in/petrol-price-in-telangana-s27.html
2026-07-19,Tripura,112.69,113.19,-0.5,https://www.goodreturns.in/petrol-price-in-tripura-s28.html
2026-07-19,Uttar Pradesh,110.6,110.6,0,https://www.goodreturns.in/petrol-price-in-uttar-pradesh-s29.html
2026-07-19,Uttarakhand,107.77,107.76,0.01,https://www.goodreturns.in/petrol-price-in-uttarakhand-s30.html
2026-07-19,West Bengal,115.73,115.69,0.04,https://www.goodreturns.in/petrol-price-in-west-bengal-s31.html
2026-07-20,Andhra Pradesh,117.51,117.51,0,https://www.goodreturns.in/petrol-price-in-andhra-pradesh-s2.html
2026-07-20,Arunachal Pradesh,97.95,97.95,0,https://www.goodreturns.in/petrol-price-in-arunachal-pradesh-s3.html
2026-07-20,Assam,105.73,105.73,0,https://www.goodreturns.in/petrol-price-in-assam-s4.html
2026-07-20,Bihar,113.37,113.43,-0.06,https://www.goodreturns.in/petrol-price-in-bihar-s5.html
2026-07-20,Chhattisgarh,101.54,101.54,0,https://www.goodreturns.in/petrol-price-in-chhattisgarh-s6.html
2026-07-20,Delhi,102.12,102.12,0,https://www.goodreturns.in/petrol-price-in-delhi-s10.html
2026-07-20,Goa,108.3,108.34,-0.04,https://www.goodreturns.in/petrol-price-in-goa-s7.html
2026-07-20,Gujarat,99.44,102.23,-2.79,https://www.goodreturns.in/petrol-price-in-gujarat-s8.html
2026-07-20,Haryana,99.44,102.23,-2.79,https://www.goodreturns.in/petrol-price-in-haryana-s9.html
2026-07-20,Himachal Pradesh,104,112.08,-8.08,https://www.goodreturns.in/petrol-price-in-himachal-pradesh-s11.html
2026-07-20,Jammu & Kashmir,102.04,102.15,-0.11,https://www.goodreturns.in/petrol-price-in-jammu-kashmir-s12.html
2026-07-20,Jharkhand,102.97,103.28,-0.31,https://www.goodreturns.in/petrol-price-in-jharkhand-s13.html
2026-07-20,Karnataka,102.38,102.54,-0.16,https://www.goodreturns.in/petrol-price-in-karnataka-s14.html
2026-07-20,Kerala,104.13,105.86,-1.73,https://www.goodreturns.in/petrol-price-in-kerala-s15.html
2026-07-20,Madhya Pradesh,105.17,105.17,0,https://www.goodreturns.in/petrol-price-in-madhya-pradesh-s16.html
2026-07-20,Maharashtra,111.68,111.68,0,https://www.goodreturns.in/petrol-price-in-maharashtra-s17.html
2026-07-20,Manipur,115.49,114.52,0.97,https://www.goodreturns.in/petrol-price-in-manipur-s18.html
2026-07-20,Meghalaya,114.57,114.8,-0.23,https://www.goodreturns.in/petrol-price-in-meghalaya-s19.html
2026-07-20,Mizoram,111.21,111.21,0,https://www.goodreturns.in/petrol-price-in-mizoram-s20.html
2026-07-20,Nagaland,106.87,106.82,0.05,https://www.goodreturns.in/petrol-price-in-nagaland-s21.html
2026-07-20,Odisha,102.6,102.6,0,https://www.goodreturns.in/petrol-price-in-odisha-s22.html
2026-07-20,Punjab,106.55,106.69,-0.14,https://www.goodreturns.in/petrol-price-in-punjab-s23.html
2026-07-20,Rajasthan,104.87,104.43,0.44,https://www.goodreturns.in/petrol-price-in-rajasthan-s24.html
2026-07-20,Sikkim,108.97,108.97,0,https://www.goodreturns.in/petrol-price-in-sikkim-s25.html
2026-07-20,Tamil Nadu,103.58,103.61,-0.03,https://www.goodreturns.in/petrol-price-in-tamil-nadu-s26.html
2026-07-20,Telangana,105.56,105.56,0,https://www.goodreturns.in/petrol-price-in-telangana-s27.html
2026-07-20,Tripura,113.19,112.69,0.5,https://www.goodreturns.in/petrol-price-in-tripura-s28.html
2026-07-20,Uttar Pradesh,110.6,110.6,0,https://www.goodreturns.in/petrol-price-in-uttar-pradesh-s29.html
2026-07-20,Uttarakhand,107.76,107.77,-0.01,https://www.goodreturns.in/petrol-price-in-uttarakhand-s30.html
2026-07-20,West Bengal,115.69,115.73,-0.04,https://www.goodreturns.in/petrol-price-in-west-bengal-s31.html
2026-07-21,Andhra Pradesh,118.1,117.51,0.59,https://www.goodreturns.in/petrol-price-in-andhra-pradesh-s2.html
2026-07-21,Arunachal Pradesh,97.95,97.95,0,https://www.goodreturns.in/petrol-price-in-arunachal-pradesh-s3.html
2026-07-21,Assam,105.73,105.73,0,https://www.goodreturns.in/petrol-price-in-assam-s4.html
2026-07-21,Bihar,113.53,113.37,0.16,https://www.goodreturns.in/petrol-price-in-bihar-s5.html
2026-07-21,Chhattisgarh,101.54,101.54,0,https://www.goodreturns.in/petrol-price-in-chhattisgarh-s6.html
2026-07-21,Delhi,102.12,102.12,0,https://www.goodreturns.in/petrol-price-in-delhi-s10.html
2026-07-21,Goa,108.74,108.3,0.44,https://www.goodreturns.in/petrol-price-in-goa-s7.html
2026-07-21,Gujarat,99.44,99.44,0,https://www.goodreturns.in/petrol-price-in-gujarat-s8.html
2026-07-21,Haryana,99.44,99.44,0,https://www.goodreturns.in/petrol-price-in-haryana-s9.html
2026-07-21,Himachal Pradesh,104,104,0,https://www.goodreturns.in/petrol-price-in-himachal-pradesh-s11.html
2026-07-21,Jammu & Kashmir,102.01,102.04,-0.03,https://www.goodreturns.in/petrol-price-in-jammu-kashmir-s12.html
2026-07-21,Jharkhand,103.28,102.97,0.31,https://www.goodreturns.in/petrol-price-in-jharkhand-s13.html
2026-07-21,Karnataka,101.9,102.38,-0.48,https://www.goodreturns.in/petrol-price-in-karnataka-s14.html
2026-07-21,Kerala,104.13,104.13,0,https://www.goodreturns.in/petrol-price-in-kerala-s15.html
2026-07-21,Madhya Pradesh,106.19,105.17,1.02,https://www.goodreturns.in/petrol-price-in-madhya-pradesh-s16.html
2026-07-21,Maharashtra,110.82,111.68,-0.86,https://www.goodreturns.in/petrol-price-in-maharashtra-s17.html
2026-07-21,Manipur,115.49,115.49,0,https://www.goodreturns.in/petrol-price-in-manipur-s18.html
2026-07-21,Meghalaya,114.54,114.57,-0.03,https://www.goodreturns.in/petrol-price-in-meghalaya-s19.html
2026-07-21,Mizoram,111.21,111.21,0,https://www.goodreturns.in/petrol-price-in-mizoram-s20.html
2026-07-21,Nagaland,106.87,106.87,0,https://www.goodreturns.in/petrol-price-in-nagaland-s21.html
2026-07-21,Odisha,102.6,102.6,0,https://www.goodreturns.in/petrol-price-in-odisha-s22.html
2026-07-21,Punjab,106.79,106.55,0.24,https://www.goodreturns.in/petrol-price-in-punjab-s23.html
2026-07-21,Rajasthan,104.87,104.87,0,https://www.goodreturns.in/petrol-price-in-rajasthan-s24.html
2026-07-21,Sikkim,110.49,108.97,1.52,https://www.goodreturns.in/petrol-price-in-sikkim-s25.html
2026-07-21,Tamil Nadu,103.32,103.58,-0.26,https://www.goodreturns.in/petrol-price-in-tamil-nadu-s26.html
2026-07-21,Telangana,105.56,105.56,0,https://www.goodreturns.in/petrol-price-in-telangana-s27.html
2026-07-21,Tripura,112.66,113.19,-0.53,https://www.goodreturns.in/petrol-price-in-tripura-s28.html
2026-07-21,Uttar Pradesh,110.6,110.6,0,https://www.goodreturns.in/petrol-price-in-uttar-pradesh-s29.html
2026-07-21,Uttarakhand,107.76,107.76,0,https://www.goodreturns.in/petrol-price-in-uttarakhand-s30.html
2026-07-21,West Bengal,115.69,115.69,0,https://www.goodreturns.in/petrol-price-in-west-bengal-s31.html
2026-07-22,Andhra Pradesh,117.25,118.1,-0.85,https://www.goodreturns.in/petrol-price-in-andhra-pradesh-s2.html
2026-07-22,Arunachal Pradesh,97.95,97.95,0,https://www.goodreturns.in/petrol-price-in-arunachal-pradesh-s3.html
2026-07-22,Assam,105.73,105.73,0,https://www.goodreturns.in/petrol-price-in-assam-s4.html
2026-07-22,Bihar,113.37,113.53,-0.16,https://www.goodreturns.in/petrol-price-in-bihar-s5.html
2026-07-22,Chhattisgarh,101.54,101.54,0,https://www.goodreturns.in/petrol-price-in-chhattisgarh-s6.html
2026-07-22,Delhi,102.12,102.12,0,https://www.goodreturns.in/petrol-price-in-delhi-s10.html
2026-07-22,Goa,108.06,108.74,-0.68,https://www.goodreturns.in/petrol-price-in-goa-s7.html
2026-07-22,Gujarat,99.44,99.44,0,https://www.goodreturns.in/petrol-price-in-gujarat-s8.html
2026-07-22,Haryana,99.44,99.44,0,https://www.goodreturns.in/petrol-price-in-haryana-s9.html
2026-07-22,Himachal Pradesh,104,104,0,https://www.goodreturns.in/petrol-price-in-himachal-pradesh-s11.html
2026-07-22,Jammu & Kashmir,102.04,102.01,0.03,https://www.goodreturns.in/petrol-price-in-jammu-kashmir-s12.html
2026-07-22,Jharkhand,103.28,103.28,0,https://www.goodreturns.in/petrol-price-in-jharkhand-s13.html
2026-07-22,Karnataka,102.54,101.9,0.64,https://www.goodreturns.in/petrol-price-in-karnataka-s14.html
2026-07-22,Kerala,104.13,104.13,0,https://www.goodreturns.in/petrol-price-in-kerala-s15.html
2026-07-22,Madhya Pradesh,105.72,106.19,-0.47,https://www.goodreturns.in/petrol-price-in-madhya-pradesh-s16.html
2026-07-22,Maharashtra,111.68,110.82,0.86,https://www.goodreturns.in/petrol-price-in-maharashtra-s17.html
2026-07-22,Manipur,114.87,115.49,-0.62,https://www.goodreturns.in/petrol-price-in-manipur-s18.html
2026-07-22,Meghalaya,114.54,114.54,0,https://www.goodreturns.in/petrol-price-in-meghalaya-s19.html
2026-07-22,Mizoram,111.21,111.21,0,https://www.goodreturns.in/petrol-price-in-mizoram-s20.html
2026-07-22,Nagaland,106.87,106.87,0,https://www.goodreturns.in/petrol-price-in-nagaland-s21.html
2026-07-22,Odisha,102.6,102.6,0,https://www.goodreturns.in/petrol-price-in-odisha-s22.html
2026-07-22,Punjab,106.55,106.79,-0.24,https://www.goodreturns.in/petrol-price-in-punjab-s23.html
2026-07-22,Rajasthan,104.87,104.87,0,https://www.goodreturns.in/petrol-price-in-rajasthan-s24.html
2026-07-22,Sikkim,109.43,110.49,-1.06,https://www.goodreturns.in/petrol-price-in-sikkim-s25.html
2026-07-22,Tamil Nadu,103.58,103.32,0.26,https://www.goodreturns.in/petrol-price-in-tamil-nadu-s26.html
2026-07-22,Telangana,104.82,105.56,-0.74,https://www.goodreturns.in/petrol-price-in-telangana-s27.html
2026-07-22,Tripura,113.5,112.66,0.84,https://www.goodreturns.in/petrol-price-in-tripura-s28.html
2026-07-22,Uttar Pradesh,110.6,110.6,0,https://www.goodreturns.in/petrol-price-in-uttar-pradesh-s29.html
2026-07-22,Uttarakhand,107.76,107.76,0,https://www.goodreturns.in/petrol-price-in-uttarakhand-s30.html
2026-07-22,West Bengal,115.69,115.69,0,https://www.goodreturns.in/petrol-price-in-west-bengal-s31.html
2026-07-23,Andhra Pradesh,117.51,117.25,0.26,https://www.goodreturns.in/petrol-price-in-andhra-pradesh-s2.html
2026-07-23,Arunachal Pradesh,99.69,97.95,1.74,https://www.goodreturns.in/petrol-price-in-arunachal-pradesh-s3.html
2026-07-23,Assam,105.73,105.73,0,https://www.goodreturns.in/petrol-price-in-assam-s4.html
2026-07-23,Bihar,114.13,113.37,0.76,https://www.goodreturns.in/petrol-price-in-bihar-s5.html
2026-07-23,Chhattisgarh,101.51,101.54,-0.03,https://www.goodreturns.in/petrol-price-in-chhattisgarh-s6.html
2026-07-23,Delhi,102.12,102.12,0,https://www.goodreturns.in/petrol-price-in-delhi-s10.html
2026-07-23,Goa,108.3,108.06,0.24,https://www.goodreturns.in/petrol-price-in-goa-s7.html
2026-07-23,Gujarat,112.19,99.44,12.75,https://www.goodreturns.in/petrol-price-in-gujarat-s8.html
2026-07-23,Haryana,112.19,99.44,12.75,https://www.goodreturns.in/petrol-price-in-haryana-s9.html
2026-07-23,Himachal Pradesh,103.92,104,-0.08,https://www.goodreturns.in/petrol-price-in-himachal-pradesh-s11.html
2026-07-23,Jammu & Kashmir,101.81,102.04,-0.23,https://www.goodreturns.in/petrol-price-in-jammu-kashmir-s12.html
2026-07-23,Jharkhand,102.97,103.28,-0.31,https://www.goodreturns.in/petrol-price-in-jharkhand-s13.html
2026-07-23,Karnataka,103.15,102.54,0.61,https://www.goodreturns.in/petrol-price-in-karnataka-s14.html
2026-07-23,Kerala,105.86,104.13,1.73,https://www.goodreturns.in/petrol-price-in-kerala-s15.html
2026-07-23,Madhya Pradesh,105.17,105.72,-0.55,https://www.goodreturns.in/petrol-price-in-madhya-pradesh-s16.html
2026-07-23,Maharashtra,111.68,111.68,0,https://www.goodreturns.in/petrol-price-in-maharashtra-s17.html
2026-07-23,Manipur,114.04,114.87,-0.83,https://www.goodreturns.in/petrol-price-in-manipur-s18.html
2026-07-23,Meghalaya,114.75,114.54,0.21,https://www.goodreturns.in/petrol-price-in-meghalaya-s19.html
2026-07-23,Mizoram,111.21,111.21,0,https://www.goodreturns.in/petrol-price-in-mizoram-s20.html
2026-07-23,Nagaland,107.28,106.87,0.41,https://www.goodreturns.in/petrol-price-in-nagaland-s21.html
2026-07-23,Odisha,102.6,102.6,0,https://www.goodreturns.in/petrol-price-in-odisha-s22.html
2026-07-23,Punjab,106.69,106.55,0.14,https://www.goodreturns.in/petrol-price-in-punjab-s23.html
2026-07-23,Rajasthan,104.43,104.87,-0.44,https://www.goodreturns.in/petrol-price-in-rajasthan-s24.html
2026-07-23,Sikkim,110.49,109.43,1.06,https://www.goodreturns.in/petrol-price-in-sikkim-s25.html
2026-07-23,Tamil Nadu,103.61,103.58,0.03,https://www.goodreturns.in/petrol-price-in-tamil-nadu-s26.html
2026-07-23,Telangana,104.82,104.82,0,https://www.goodreturns.in/petrol-price-in-telangana-s27.html
2026-07-23,Tripura,112.69,113.5,-0.81,https://www.goodreturns.in/petrol-price-in-tripura-s28.html
2026-07-23,Uttar Pradesh,110.6,110.6,0,https://www.goodreturns.in/petrol-price-in-uttar-pradesh-s29.html
2026-07-23,Uttarakhand,107.76,107.76,0,https://www.goodreturns.in/petrol-price-in-uttarakhand-s30.html
2026-07-23,West Bengal,115.73,115.69,0.04,https://www.goodreturns.in/petrol-price-in-west-bengal-s31.html
2026-07-24,Andhra Pradesh,117.51,117.51,0,https://www.goodreturns.in/petrol-price-in-andhra-pradesh-s2.html
2026-07-24,Arunachal Pradesh,98.25,99.69,-1.44,https://www.goodreturns.in/petrol-price-in-arunachal-pradesh-s3.html
2026-07-24,Assam,105.73,105.73,0,https://www.goodreturns.in/petrol-price-in-assam-s4.html
2026-07-24,Bihar,113.37,114.13,-0.76,https://www.goodreturns.in/petrol-price-in-bihar-s5.html
2026-07-24,Chhattisgarh,101.51,101.51,0,https://www.goodreturns.in/petrol-price-in-chhattisgarh-s6.html
2026-07-24,Delhi,102.12,102.12,0,https://www.goodreturns.in/petrol-price-in-delhi-s10.html
2026-07-24,Goa,108.94,108.3,0.64,https://www.goodreturns.in/petrol-price-in-goa-s7.html
2026-07-24,Gujarat,111.7,112.19,-0.49,https://www.goodreturns.in/petrol-price-in-gujarat-s8.html
2026-07-24,Haryana,111.7,112.19,-0.49,https://www.goodreturns.in/petrol-price-in-haryana-s9.html
2026-07-24,Himachal Pradesh,104,103.92,0.08,https://www.goodreturns.in/petrol-price-in-himachal-pradesh-s11.html
2026-07-24,Jammu & Kashmir,102.01,101.81,0.2,https://www.goodreturns.in/petrol-price-in-jammu-kashmir-s12.html
2026-07-24,Jharkhand,103.28,102.97,0.31,https://www.goodreturns.in/petrol-price-in-jharkhand-s13.html
2026-07-24,Karnataka,101.68,103.15,-1.47,https://www.goodreturns.in/petrol-price-in-karnataka-s14.html
2026-07-24,Kerala,104.13,105.86,-1.73,https://www.goodreturns.in/petrol-price-in-kerala-s15.html
2026-07-24,Madhya Pradesh,105.17,105.17,0,https://www.goodreturns.in/petrol-price-in-madhya-pradesh-s16.html
2026-07-24,Maharashtra,110.44,111.68,-1.24,https://www.goodreturns.in/petrol-price-in-maharashtra-s17.html
2026-07-24,Manipur,115.49,114.04,1.45,https://www.goodreturns.in/petrol-price-in-manipur-s18.html
2026-07-24,Meghalaya,115.44,114.75,0.69,https://www.goodreturns.in/petrol-price-in-meghalaya-s19.html
2026-07-24,Mizoram,111.21,111.21,0,https://www.goodreturns.in/petrol-price-in-mizoram-s20.html
2026-07-24,Nagaland,106.82,107.28,-0.46,https://www.goodreturns.in/petrol-price-in-nagaland-s21.html
2026-07-24,Odisha,102.53,102.6,-0.07,https://www.goodreturns.in/petrol-price-in-odisha-s22.html
2026-07-24,Punjab,106.55,106.69,-0.14,https://www.goodreturns.in/petrol-price-in-punjab-s23.html
2026-07-24,Rajasthan,104.87,104.43,0.44,https://www.goodreturns.in/petrol-price-in-rajasthan-s24.html
2026-07-24,Sikkim,108.85,110.49,-1.64,https://www.goodreturns.in/petrol-price-in-sikkim-s25.html
2026-07-24,Tamil Nadu,103.61,103.61,0,https://www.goodreturns.in/petrol-price-in-tamil-nadu-s26.html
2026-07-24,Telangana,105.09,104.82,0.27,https://www.goodreturns.in/petrol-price-in-telangana-s27.html
2026-07-24,Tripura,113.5,112.69,0.81,https://www.goodreturns.in/petrol-price-in-tripura-s28.html
2026-07-24,Uttar Pradesh,110.6,110.6,0,https://www.goodreturns.in/petrol-price-in-uttar-pradesh-s29.html
2026-07-24,Uttarakhand,107.76,107.76,0,https://www.goodreturns.in/petrol-price-in-uttarakhand-s30.html
2026-07-24,West Bengal,115.73,115.73,0,https://www.goodreturns.in/petrol-price-in-west-bengal-s31.html
2026-07-25,Andhra Pradesh,117.51,117.51,0,https://www.goodreturns.in/petrol-price-in-andhra-pradesh-s2.html
2026-07-25,Arunachal Pradesh,99.69,98.25,1.44,https://www.goodreturns.in/petrol-price-in-arunachal-pradesh-s3.html
2026-07-25,Assam,105.74,105.73,0.01,https://www.goodreturns.in/petrol-price-in-assam-s4.html
2026-07-25,Bihar,113.37,113.37,0,https://www.goodreturns.in/petrol-price-in-bihar-s5.html
2026-07-25,Chhattisgarh,103.32,101.51,1.81,https://www.goodreturns.in/petrol-price-in-chhattisgarh-s6.html
2026-07-25,Delhi,102.12,102.12,0,https://www.goodreturns.in/petrol-price-in-delhi-s10.html
2026-07-25,Goa,108.87,108.94,-0.07,https://www.goodreturns.in/petrol-price-in-goa-s7.html
2026-07-25,Gujarat,111.31,111.7,-0.39,https://www.goodreturns.in/petrol-price-in-gujarat-s8.html
2026-07-25,Haryana,111.31,111.7,-0.39,https://www.goodreturns.in/petrol-price-in-haryana-s9.html
2026-07-25,Himachal Pradesh,104,104,0,https://www.goodreturns.in/petrol-price-in-himachal-pradesh-s11.html
2026-07-25,Jammu & Kashmir,101.83,102.01,-0.18,https://www.goodreturns.in/petrol-price-in-jammu-kashmir-s12.html
2026-07-25,Jharkhand,103.28,103.28,0,https://www.goodreturns.in/petrol-price-in-jharkhand-s13.html
2026-07-25,Karnataka,101.7,101.68,0.02,https://www.goodreturns.in/petrol-price-in-karnataka-s14.html
2026-07-25,Kerala,105.86,104.13,1.73,https://www.goodreturns.in/petrol-price-in-kerala-s15.html
2026-07-25,Madhya Pradesh,105.17,105.17,0,https://www.goodreturns.in/petrol-price-in-madhya-pradesh-s16.html
2026-07-25,Maharashtra,111.25,110.44,0.81,https://www.goodreturns.in/petrol-price-in-maharashtra-s17.html
2026-07-25,Manipur,115.49,115.49,0,https://www.goodreturns.in/petrol-price-in-manipur-s18.html
2026-07-25,Meghalaya,115.32,115.44,-0.12,https://www.goodreturns.in/petrol-price-in-meghalaya-s19.html
2026-07-25,Mizoram,111.21,111.21,0,https://www.goodreturns.in/petrol-price-in-mizoram-s20.html
2026-07-25,Nagaland,106.82,106.82,0,https://www.goodreturns.in/petrol-price-in-nagaland-s21.html
2026-07-25,Odisha,102.6,102.53,0.07,https://www.goodreturns.in/petrol-price-in-odisha-s22.html
2026-07-25,Punjab,106.69,106.55,0.14,https://www.goodreturns.in/petrol-price-in-punjab-s23.html
2026-07-25,Rajasthan,104.87,104.87,0,https://www.goodreturns.in/petrol-price-in-rajasthan-s24.html
2026-07-25,Sikkim,109.27,108.85,0.42,https://www.goodreturns.in/petrol-price-in-sikkim-s25.html
2026-07-25,Tamil Nadu,103.32,103.61,-0.29,https://www.goodreturns.in/petrol-price-in-tamil-nadu-s26.html
2026-07-25,Telangana,105.29,105.09,0.2,https://www.goodreturns.in/petrol-price-in-telangana-s27.html
2026-07-25,Tripura,113.97,113.5,0.47,https://www.goodreturns.in/petrol-price-in-tripura-s28.html
2026-07-25,Uttar Pradesh,110.6,110.6,0,https://www.goodreturns.in/petrol-price-in-uttar-pradesh-s29.html
2026-07-25,Uttarakhand,109.1,107.76,1.34,https://www.goodreturns.in/petrol-price-in-uttarakhand-s30.html
2026-07-25,West Bengal,115.73,115.73,0,https://www.goodreturns.in/petrol-price-in-west-bengal-s31.html
2026-07-26,Andhra Pradesh,117.51,117.51,0,https://www.goodreturns.in/petrol-price-in-andhra-pradesh-s2.html
2026-07-26,Arunachal Pradesh,99.62,99.69,-0.07,https://www.goodreturns.in/petrol-price-in-arunachal-pradesh-s3.html
2026-07-26,Assam,105.73,105.74,-0.01,https://www.goodreturns.in/petrol-price-in-assam-s4.html
2026-07-26,Bihar,113.37,113.37,0,https://www.goodreturns.in/petrol-price-in-bihar-s5.html
2026-07-26,Chhattisgarh,101.54,103.32,-1.78,https://www.goodreturns.in/petrol-price-in-chhattisgarh-s6.html
2026-07-26,Delhi,102.12,102.12,0,https://www.goodreturns.in/petrol-price-in-delhi-s10.html
2026-07-26,Goa,108.06,108.87,-0.81,https://www.goodreturns.in/petrol-price-in-goa-s7.html
2026-07-26,Gujarat,99.44,111.31,-11.87,https://www.goodreturns.in/petrol-price-in-gujarat-s8.html
2026-07-26,Haryana,99.44,111.31,-11.87,https://www.goodreturns.in/petrol-price-in-haryana-s9.html
2026-07-26,Himachal Pradesh,104,104,0,https://www.goodreturns.in/petrol-price-in-himachal-pradesh-s11.html
2026-07-26,Jammu & Kashmir,102.15,101.83,0.32,https://www.goodreturns.in/petrol-price-in-jammu-kashmir-s12.html
2026-07-26,Jharkhand,103.28,103.28,0,https://www.goodreturns.in/petrol-price-in-jharkhand-s13.html
2026-07-26,Karnataka,101.78,101.7,0.08,https://www.goodreturns.in/petrol-price-in-karnataka-s14.html
2026-07-26,Kerala,104.13,105.86,-1.73,https://www.goodreturns.in/petrol-price-in-kerala-s15.html
2026-07-26,Madhya Pradesh,105.28,105.17,0.11,https://www.goodreturns.in/petrol-price-in-madhya-pradesh-s16.html
2026-07-26,Maharashtra,111.68,111.25,0.43,https://www.goodreturns.in/petrol-price-in-maharashtra-s17.html
2026-07-26,Manipur,115.49,115.49,0,https://www.goodreturns.in/petrol-price-in-manipur-s18.html
2026-07-26,Meghalaya,114.65,115.32,-0.67,https://www.goodreturns.in/petrol-price-in-meghalaya-s19.html
2026-07-26,Mizoram,111.21,111.21,0,https://www.goodreturns.in/petrol-price-in-mizoram-s20.html
2026-07-26,Nagaland,106.87,106.82,0.05,https://www.goodreturns.in/petrol-price-in-nagaland-s21.html
2026-07-26,Odisha,102.6,102.6,0,https://www.goodreturns.in/petrol-price-in-odisha-s22.html
2026-07-26,Punjab,106.55,106.69,-0.14,https://www.goodreturns.in/petrol-price-in-punjab-s23.html
2026-07-26,Rajasthan,105.93,104.87,1.06,https://www.goodreturns.in/petrol-price-in-rajasthan-s24.html
2026-07-26,Sikkim,109.33,109.27,0.06,https://www.goodreturns.in/petrol-price-in-sikkim-s25.html
2026-07-26,Tamil Nadu,103.58,103.32,0.26,https://www.goodreturns.in/petrol-price-in-tamil-nadu-s26.html
2026-07-26,Telangana,105.56,105.29,0.27,https://www.goodreturns.in/petrol-price-in-telangana-s27.html
2026-07-26,Tripura,113.51,113.97,-0.46,https://www.goodreturns.in/petrol-price-in-tripura-s28.html
2026-07-26,Uttar Pradesh,110.6,110.6,0,https://www.goodreturns.in/petrol-price-in-uttar-pradesh-s29.html
2026-07-26,Uttarakhand,107.76,109.1,-1.34,https://www.goodreturns.in/petrol-price-in-uttarakhand-s30.html
2026-07-26,West Bengal,117.07,115.73,1.34,https://www.goodreturns.in/petrol-price-in-west-bengal-s31.html
2026-07-27,Andhra Pradesh,110.49,117.51,-7.02,https://www.goodreturns.in/petrol-price-in-andhra-pradesh-s2.html
2026-07-27,Arunachal Pradesh,97.7,99.62,-1.92,https://www.goodreturns.in/petrol-price-in-arunachal-pradesh-s3.html
2026-07-27,Assam,105.73,105.73,0,https://www.goodreturns.in/petrol-price-in-assam-s4.html
2026-07-27,Bihar,113.37,113.37,0,https://www.goodreturns.in/petrol-price-in-bihar-s5.html
2026-07-27,Chhattisgarh,101.54,101.54,0,https://www.goodreturns.in/petrol-price-in-chhattisgarh-s6.html
2026-07-27,Delhi,102.12,102.12,0,https://www.goodreturns.in/petrol-price-in-delhi-s10.html
2026-07-27,Goa,108.44,108.06,0.38,https://www.goodreturns.in/petrol-price-in-goa-s7.html
2026-07-27,Gujarat,99.44,99.44,0,https://www.goodreturns.in/petrol-price-in-gujarat-s8.html
2026-07-27,Haryana,99.44,99.44,0,https://www.goodreturns.in/petrol-price-in-haryana-s9.html
2026-07-27,Himachal Pradesh,111.56,104,7.56,https://www.goodreturns.in/petrol-price-in-himachal-pradesh-s11.html
2026-07-27,Jammu & Kashmir,101.85,102.15,-0.3,https://www.goodreturns.in/petrol-price-in-jammu-kashmir-s12.html
2026-07-27,Jharkhand,103.28,103.28,0,https://www.goodreturns.in/petrol-price-in-jharkhand-s13.html
2026-07-27,Karnataka,101.29,101.78,-0.49,https://www.goodreturns.in/petrol-price-in-karnataka-s14.html
2026-07-27,Kerala,106.04,104.13,1.91,https://www.goodreturns.in/petrol-price-in-kerala-s15.html
2026-07-27,Madhya Pradesh,105.19,105.28,-0.09,https://www.goodreturns.in/petrol-price-in-madhya-pradesh-s16.html
2026-07-27,Maharashtra,111.37,111.68,-0.31,https://www.goodreturns.in/petrol-price-in-maharashtra-s17.html
2026-07-27,Manipur,115.49,115.49,0,https://www.goodreturns.in/petrol-price-in-manipur-s18.html
2026-07-27,Meghalaya,115.44,114.65,0.79,https://www.goodreturns.in/petrol-price-in-meghalaya-s19.html
2026-07-27,Mizoram,112.4,111.21,1.19,https://www.goodreturns.in/petrol-price-in-mizoram-s20.html
2026-07-27,Nagaland,115.01,106.87,8.14,https://www.goodreturns.in/petrol-price-in-nagaland-s21.html
2026-07-27,Odisha,100.6,102.6,-2,https://www.goodreturns.in/petrol-price-in-odisha-s22.html
2026-07-27,Punjab,105.29,106.55,-1.26,https://www.goodreturns.in/petrol-price-in-punjab-s23.html
2026-07-27,Rajasthan,115.01,105.93,9.08,https://www.goodreturns.in/petrol-price-in-rajasthan-s24.html
2026-07-27,Sikkim,108.97,109.33,-0.36,https://www.goodreturns.in/petrol-price-in-sikkim-s25.html
2026-07-27,Tamil Nadu,109.74,103.58,6.16,https://www.goodreturns.in/petrol-price-in-tamil-nadu-s26.html
2026-07-27,Telangana,104.99,105.56,-0.57,https://www.goodreturns.in/petrol-price-in-telangana-s27.html
2026-07-27,Tripura,112.66,113.51,-0.85,https://www.goodreturns.in/petrol-price-in-tripura-s28.html
2026-07-27,Uttar Pradesh,102.12,110.6,-8.48,https://www.goodreturns.in/petrol-price-in-uttar-pradesh-s29.html
2026-07-27,Uttarakhand,107.87,107.76,0.11,https://www.goodreturns.in/petrol-price-in-uttarakhand-s30.html
2026-07-27,West Bengal,115.69,117.07,-1.38,https://www.goodreturns.in/petrol-price-in-west-bengal-s31.html
2026-07-28,Andhra Pradesh,117.25,110.49,6.76,https://www.goodreturns.in/petrol-price-in-andhra-pradesh-s2.html
2026-07-28,Arunachal Pradesh,99.72,97.7,2.02,https://www.goodreturns.in/petrol-price-in-arunachal-pradesh-s3.html
2026-07-28,Assam,105.73,105.73,0,https://www.goodreturns.in/petrol-price-in-assam-s4.html
2026-07-28,Bihar,113.37,113.37,0,https://www.goodreturns.in/petrol-price-in-bihar-s5.html
2026-07-28,Chhattisgarh,105.88,101.54,4.34,https://www.goodreturns.in/petrol-price-in-chhattisgarh-s6.html
2026-07-28,Delhi,102.12,102.12,0,https://www.goodreturns.in/petrol-price-in-delhi-s10.html
2026-07-28,Goa,108.87,108.44,0.43,https://www.goodreturns.in/petrol-price-in-goa-s7.html
2026-07-28,Gujarat,102.63,99.44,3.19,https://www.goodreturns.in/petrol-price-in-gujarat-s8.html
2026-07-28,Haryana,102.63,99.44,3.19,https://www.goodreturns.in/petrol-price-in-haryana-s9.html
2026-07-28,Himachal Pradesh,112.13,111.56,0.57,https://www.goodreturns.in/petrol-price-in-himachal-pradesh-s11.html
2026-07-28,Jammu & Kashmir,102.63,101.85,0.78,https://www.goodreturns.in/petrol-price-in-jammu-kashmir-s12.html
2026-07-28,Jharkhand,102.23,103.28,-1.05,https://www.goodreturns.in/petrol-price-in-jharkhand-s13.html
2026-07-28,Karnataka,105.88,101.29,4.59,https://www.goodreturns.in/petrol-price-in-karnataka-s14.html
2026-07-28,Kerala,105.69,106.04,-0.35,https://www.goodreturns.in/petrol-price-in-kerala-s15.html
2026-07-28,Madhya Pradesh,106.12,105.19,0.93,https://www.goodreturns.in/petrol-price-in-madhya-pradesh-s16.html
2026-07-28,Maharashtra,110.73,111.37,-0.64,https://www.goodreturns.in/petrol-price-in-maharashtra-s17.html
2026-07-28,Manipur,113.5,115.49,-1.99,https://www.goodreturns.in/petrol-price-in-manipur-s18.html
2026-07-28,Meghalaya,101.63,115.44,-13.81,https://www.goodreturns.in/petrol-price-in-meghalaya-s19.html
2026-07-28,Mizoram,111.46,112.4,-0.94,https://www.goodreturns.in/petrol-price-in-mizoram-s20.html
2026-07-28,Nagaland,107.24,115.01,-7.77,https://www.goodreturns.in/petrol-price-in-nagaland-s21.html
2026-07-28,Odisha,102.6,100.6,2,https://www.goodreturns.in/petrol-price-in-odisha-s22.html
2026-07-28,Punjab,115.01,105.29,9.72,https://www.goodreturns.in/petrol-price-in-punjab-s23.html
2026-07-28,Rajasthan,107.24,115.01,-7.77,https://www.goodreturns.in/petrol-price-in-rajasthan-s24.html
2026-07-28,Sikkim,109.52,108.97,0.55,https://www.goodreturns.in/petrol-price-in-sikkim-s25.html
2026-07-28,Tamil Nadu,117.88,109.74,8.14,https://www.goodreturns.in/petrol-price-in-tamil-nadu-s26.html
2026-07-28,Telangana,105.69,104.99,0.7,https://www.goodreturns.in/petrol-price-in-telangana-s27.html
2026-07-28,Tripura,112.26,112.66,-0.4,https://www.goodreturns.in/petrol-price-in-tripura-s28.html
2026-07-28,Uttar Pradesh,115.06,102.12,12.94,https://www.goodreturns.in/petrol-price-in-uttar-pradesh-s29.html
2026-07-28,Uttarakhand,109.84,107.87,1.97,https://www.goodreturns.in/petrol-price-in-uttarakhand-s30.html
2026-07-28,West Bengal,116.77,115.69,1.08,https://www.goodreturns.in/petrol-price-in-west-bengal-s31.html
2026-07-29,Andhra Pradesh,117.51,117.25,0.26,https://www.goodreturns.in/petrol-price-in-andhra-pradesh-s2.html
2026-07-29,Arunachal Pradesh,97.95,99.72,-1.77,https://www.goodreturns.in/petrol-price-in-arunachal-pradesh-s3.html
2026-07-29,Assam,105.73,105.73,0,https://www.goodreturns.in/petrol-price-in-assam-s4.html
2026-07-29,Bihar,113.37,113.37,0,https://www.goodreturns.in/petrol-price-in-bihar-s5.html
2026-07-29,Chhattisgarh,101.54,105.88,-4.34,https://www.goodreturns.in/petrol-price-in-chhattisgarh-s6.html
2026-07-29,Delhi,102.12,102.12,0,https://www.goodreturns.in/petrol-price-in-delhi-s10.html
2026-07-29,Goa,108.06,108.87,-0.81,https://www.goodreturns.in/petrol-price-in-goa-s7.html
2026-07-29,Gujarat,99.63,102.63,-3,https://www.goodreturns.in/petrol-price-in-gujarat-s8.html
2026-07-29,Haryana,99.63,102.63,-3,https://www.goodreturns.in/petrol-price-in-haryana-s9.html
2026-07-29,Himachal Pradesh,103.92,112.13,-8.21,https://www.goodreturns.in/petrol-price-in-himachal-pradesh-s11.html
2026-07-29,Jammu & Kashmir,102.16,102.63,-0.47,https://www.goodreturns.in/petrol-price-in-jammu-kashmir-s12.html
2026-07-29,Jharkhand,103.28,102.23,1.05,https://www.goodreturns.in/petrol-price-in-jharkhand-s13.html
2026-07-29,Karnataka,101.13,105.88,-4.75,https://www.goodreturns.in/petrol-price-in-karnataka-s14.html
2026-07-29,Kerala,105.29,105.69,-0.4,https://www.goodreturns.in/petrol-price-in-kerala-s15.html
2026-07-29,Madhya Pradesh,106.19,106.12,0.07,https://www.goodreturns.in/petrol-price-in-madhya-pradesh-s16.html
2026-07-29,Maharashtra,111.68,110.73,0.95,https://www.goodreturns.in/petrol-price-in-maharashtra-s17.html
2026-07-29,Manipur,114.8,113.5,1.3,https://www.goodreturns.in/petrol-price-in-manipur-s18.html
2026-07-29,Meghalaya,114.36,101.63,12.73,https://www.goodreturns.in/petrol-price-in-meghalaya-s19.html
2026-07-29,Mizoram,111.21,111.46,-0.25,https://www.goodreturns.in/petrol-price-in-mizoram-s20.html
2026-07-29,Nagaland,106.82,107.24,-0.42,https://www.goodreturns.in/petrol-price-in-nagaland-s21.html
2026-07-29,Odisha,102.6,102.6,0,https://www.goodreturns.in/petrol-price-in-odisha-s22.html
2026-07-29,Punjab,106.55,115.01,-8.46,https://www.goodreturns.in/petrol-price-in-punjab-s23.html
2026-07-29,Rajasthan,104.43,107.24,-2.81,https://www.goodreturns.in/petrol-price-in-rajasthan-s24.html
2026-07-29,Sikkim,109.33,109.52,-0.19,https://www.goodreturns.in/petrol-price-in-sikkim-s25.html
2026-07-29,Tamil Nadu,101.18,117.88,-16.7,https://www.goodreturns.in/petrol-price-in-tamil-nadu-s26.html
2026-07-29,Telangana,105.56,105.69,-0.13,https://www.goodreturns.in/petrol-price-in-telangana-s27.html
2026-07-29,Tripura,113.97,112.26,1.71,https://www.goodreturns.in/petrol-price-in-tripura-s28.html
2026-07-29,Uttar Pradesh,110.6,115.06,-4.46,https://www.goodreturns.in/petrol-price-in-uttar-pradesh-s29.html
2026-07-29,Uttarakhand,107.94,109.84,-1.9,https://www.goodreturns.in/petrol-price-in-uttarakhand-s30.html
2026-07-29,West Bengal,115.69,116.77,-1.08,https://www.goodreturns.in/petrol-price-in-west-bengal-s31.html
2026-07-30,Andhra Pradesh,117.51,117.51,0,https://www.goodreturns.in/petrol-price-in-andhra-pradesh-s2.html
2026-07-30,Arunachal Pradesh,99.64,97.95,1.69,https://www.goodreturns.in/petrol-price-in-arunachal-pradesh-s3.html
2026-07-30,Assam,105.73,105.73,0,https://www.goodreturns.in/petrol-price-in-assam-s4.html
2026-07-30,Bihar,113.53,113.37,0.16,https://www.goodreturns.in/petrol-price-in-bihar-s5.html
2026-07-30,Chhattisgarh,101.54,101.54,0,https://www.goodreturns.in/petrol-price-in-chhattisgarh-s6.html
2026-07-30,Delhi,102.12,102.12,0,https://www.goodreturns.in/petrol-price-in-delhi-s10.html
2026-07-30,Goa,108.06,108.06,0,https://www.goodreturns.in/petrol-price-in-goa-s7.html
2026-07-30,Gujarat,102.43,99.63,2.8,https://www.goodreturns.in/petrol-price-in-gujarat-s8.html
2026-07-30,Haryana,102.43,99.63,2.8,https://www.goodreturns.in/petrol-price-in-haryana-s9.html
2026-07-30,Himachal Pradesh,103.92,103.92,0,https://www.goodreturns.in/petrol-price-in-himachal-pradesh-s11.html
2026-07-30,Jammu & Kashmir,101.81,102.16,-0.35,https://www.goodreturns.in/petrol-price-in-jammu-kashmir-s12.html
2026-07-30,Jharkhand,103.28,103.28,0,https://www.goodreturns.in/petrol-price-in-jharkhand-s13.html
2026-07-30,Karnataka,101.68,101.13,0.55,https://www.goodreturns.in/petrol-price-in-karnataka-s14.html
2026-07-30,Kerala,104.13,105.29,-1.16,https://www.goodreturns.in/petrol-price-in-kerala-s15.html
2026-07-30,Madhya Pradesh,105.17,106.19,-1.02,https://www.goodreturns.in/petrol-price-in-madhya-pradesh-s16.html
2026-07-30,Maharashtra,111.68,111.68,0,https://www.goodreturns.in/petrol-price-in-maharashtra-s17.html
2026-07-30,Manipur,115.49,114.8,0.69,https://www.goodreturns.in/petrol-price-in-manipur-s18.html
2026-07-30,Meghalaya,114.27,114.36,-0.09,https://www.goodreturns.in/petrol-price-in-meghalaya-s19.html
2026-07-30,Mizoram,111.21,111.21,0,https://www.goodreturns.in/petrol-price-in-mizoram-s20.html
2026-07-30,Nagaland,107.28,106.82,0.46,https://www.goodreturns.in/petrol-price-in-nagaland-s21.html
2026-07-30,Odisha,102.6,102.6,0,https://www.goodreturns.in/petrol-price-in-odisha-s22.html
2026-07-30,Punjab,106.55,106.55,0,https://www.goodreturns.in/petrol-price-in-punjab-s23.html
2026-07-30,Rajasthan,104.43,104.43,0,https://www.goodreturns.in/petrol-price-in-rajasthan-s24.html
2026-07-30,Sikkim,108.97,109.33,-0.36,https://www.goodreturns.in/petrol-price-in-sikkim-s25.html
2026-07-30,Tamil Nadu,103.61,101.18,2.43,https://www.goodreturns.in/petrol-price-in-tamil-nadu-s26.html
2026-07-30,Telangana,105.42,105.56,-0.14,https://www.goodreturns.in/petrol-price-in-telangana-s27.html
2026-07-30,Tripura,113.97,113.97,0,https://www.goodreturns.in/petrol-price-in-tripura-s28.html
2026-07-30,Uttar Pradesh,110.6,110.6,0,https://www.goodreturns.in/petrol-price-in-uttar-pradesh-s29.html
2026-07-30,Uttarakhand,107.77,107.94,-0.17,https://www.goodreturns.in/petrol-price-in-uttarakhand-s30.html
2026-07-30,West Bengal,115.69,115.69,0,https://www.goodreturns.in/petrol-price-in-west-bengal-s31.html
2026-07-31,Andhra Pradesh,117.51,117.51,0,https://www.goodreturns.in/petrol-price-in-andhra-pradesh-s2.html
2026-07-31,Arunachal Pradesh,99.69,99.64,0.05,https://www.goodreturns.in/petrol-price-in-arunachal-pradesh-s3.html
2026-07-31,Assam,105.73,105.73,0,https://www.goodreturns.in/petrol-price-in-assam-s4.html
2026-07-31,Bihar,113.37,113.53,-0.16,https://www.goodreturns.in/petrol-price-in-bihar-s5.html
2026-07-31,Chhattisgarh,101.54,101.54,0,https://www.goodreturns.in/petrol-price-in-chhattisgarh-s6.html
2026-07-31,Delhi,102.12,102.12,0,https://www.goodreturns.in/petrol-price-in-delhi-s10.html
2026-07-31,Goa,108.35,108.06,0.29,https://www.goodreturns.in/petrol-price-in-goa-s7.html
2026-07-31,Gujarat,99.63,102.43,-2.8,https://www.goodreturns.in/petrol-price-in-gujarat-s8.html
2026-07-31,Haryana,99.63,102.43,-2.8,https://www.goodreturns.in/petrol-price-in-haryana-s9.html
2026-07-31,Himachal Pradesh,103.92,103.92,0,https://www.goodreturns.in/petrol-price-in-himachal-pradesh-s11.html
2026-07-31,Jammu & Kashmir,102.04,101.81,0.23,https://www.goodreturns.in/petrol-price-in-jammu-kashmir-s12.html
2026-07-31,Jharkhand,103.28,103.28,0,https://www.goodreturns.in/petrol-price-in-jharkhand-s13.html
2026-07-31,Karnataka,102.54,101.68,0.86,https://www.goodreturns.in/petrol-price-in-karnataka-s14.html
2026-07-31,Kerala,104.13,104.13,0,https://www.goodreturns.in/petrol-price-in-kerala-s15.html
2026-07-31,Madhya Pradesh,105.17,105.17,0,https://www.goodreturns.in/petrol-price-in-madhya-pradesh-s16.html
2026-07-31,Maharashtra,110.93,111.68,-0.75,https://www.goodreturns.in/petrol-price-in-maharashtra-s17.html
2026-07-31,Manipur,115.26,115.49,-0.23,https://www.goodreturns.in/petrol-price-in-manipur-s18.html
2026-07-31,Meghalaya,114.83,114.27,0.56,https://www.goodreturns.in/petrol-price-in-meghalaya-s19.html
2026-07-31,Mizoram,111.21,111.21,0,https://www.goodreturns.in/petrol-price-in-mizoram-s20.html
2026-07-31,Nagaland,106.82,107.28,-0.46,https://www.goodreturns.in/petrol-price-in-nagaland-s21.html
2026-07-31,Odisha,102.6,102.6,0,https://www.goodreturns.in/petrol-price-in-odisha-s22.html
2026-07-31,Punjab,106.69,106.55,0.14,https://www.goodreturns.in/petrol-price-in-punjab-s23.html
2026-07-31,Rajasthan,104.43,104.43,0,https://www.goodreturns.in/petrol-price-in-rajasthan-s24.html
2026-07-31,Sikkim,108.97,108.97,0,https://www.goodreturns.in/petrol-price-in-sikkim-s25.html
2026-07-31,Tamil Nadu,101.18,103.61,-2.43,https://www.goodreturns.in/petrol-price-in-tamil-nadu-s26.html
2026-07-31,Telangana,105.2,105.42,-0.22,https://www.goodreturns.in/petrol-price-in-telangana-s27.html
2026-07-31,Tripura,113.97,113.97,0,https://www.goodreturns.in/petrol-price-in-tripura-s28.html
2026-07-31,Uttar Pradesh,110.6,110.6,0,https://www.goodreturns.in/petrol-price-in-uttar-pradesh-s29.html
2026-07-31,Uttarakhand,107.78,107.77,0.01,https://www.goodreturns.in/petrol-price-in-uttarakhand-s30.html
2026-07-31,West Bengal,115.73,115.69,0.04,https://www.goodreturns.in/petrol-price-in-west-bengal-s31.html
2026-08-01,Andhra Pradesh,116.79,117.51,-0.72,https://www.goodreturns.in/petrol-price-in-andhra-pradesh-s2.html
2026-08-01,Arunachal Pradesh,99.64,99.69,-0.05,https://www.goodreturns.in/petrol-price-in-arunachal-pradesh-s3.html
2026-08-01,Assam,100.6,105.73,-5.13,https://www.goodreturns.in/petrol-price-in-assam-s4.html
2026-08-01,Bihar,114.67,113.37,1.3,https://www.goodreturns.in/petrol-price-in-bihar-s5.html
2026-08-01,Chhattisgarh,101.54,101.54,0,https://www.goodreturns.in/petrol-price-in-chhattisgarh-s6.html
2026-08-01,Delhi,102.12,102.12,0,https://www.goodreturns.in/petrol-price-in-delhi-s10.html
2026-08-01,Goa,108.35,108.35,0,https://www.goodreturns.in/petrol-price-in-goa-s7.html
2026-08-01,Gujarat,102.46,99.63,2.83,https://www.goodreturns.in/petrol-price-in-gujarat-s8.html
2026-08-01,Haryana,102.46,99.63,2.83,https://www.goodreturns.in/petrol-price-in-haryana-s9.html
2026-08-01,Himachal Pradesh,104.12,103.92,0.2,https://www.goodreturns.in/petrol-price-in-himachal-pradesh-s11.html
2026-08-01,Jammu & Kashmir,102.01,102.04,-0.03,https://www.goodreturns.in/petrol-price-in-jammu-kashmir-s12.html
2026-08-01,Jharkhand,103.28,103.28,0,https://www.goodreturns.in/petrol-price-in-jharkhand-s13.html
2026-08-01,Karnataka,102.38,102.54,-0.16,https://www.goodreturns.in/petrol-price-in-karnataka-s14.html
2026-08-01,Kerala,104.34,104.13,0.21,https://www.goodreturns.in/petrol-price-in-kerala-s15.html
2026-08-01,Madhya Pradesh,105.17,105.17,0,https://www.goodreturns.in/petrol-price-in-madhya-pradesh-s16.html
2026-08-01,Maharashtra,111.68,110.93,0.75,https://www.goodreturns.in/petrol-price-in-maharashtra-s17.html
2026-08-01,Manipur,115.49,115.26,0.23,https://www.goodreturns.in/petrol-price-in-manipur-s18.html
2026-08-01,Meghalaya,115.44,114.83,0.61,https://www.goodreturns.in/petrol-price-in-meghalaya-s19.html
2026-08-01,Mizoram,111.21,111.21,0,https://www.goodreturns.in/petrol-price-in-mizoram-s20.html
2026-08-01,Nagaland,107.28,106.82,0.46,https://www.goodreturns.in/petrol-price-in-nagaland-s21.html
2026-08-01,Odisha,102.6,102.6,0,https://www.goodreturns.in/petrol-price-in-odisha-s22.html
2026-08-01,Punjab,106.55,106.69,-0.14,https://www.goodreturns.in/petrol-price-in-punjab-s23.html
2026-08-01,Rajasthan,104.43,104.43,0,https://www.goodreturns.in/petrol-price-in-rajasthan-s24.html
2026-08-01,Sikkim,108.97,108.97,0,https://www.goodreturns.in/petrol-price-in-sikkim-s25.html
2026-08-01,Tamil Nadu,101.18,101.18,0,https://www.goodreturns.in/petrol-price-in-tamil-nadu-s26.html
2026-08-01,Telangana,105.2,105.2,0,https://www.goodreturns.in/petrol-price-in-telangana-s27.html
2026-08-01,Tripura,113.97,113.97,0,https://www.goodreturns.in/petrol-price-in-tripura-s28.html
2026-08-01,Uttar Pradesh,110.6,110.6,0,https://www.goodreturns.in/petrol-price-in-uttar-pradesh-s29.html
2026-08-01,Uttarakhand,107.87,107.78,0.09,https://www.goodreturns.in/petrol-price-in-uttarakhand-s30.html
2026-08-01,West Bengal,115.73,115.73,0,https://www.goodreturns.in/petrol-price-in-west-bengal-s31.html
2026-08-02,Andhra Pradesh,117.25,116.79,0.46,https://www.goodreturns.in/petrol-price-in-andhra-pradesh-s2.html
2026-08-02,Arunachal Pradesh,99.69,99.64,0.05,https://www.goodreturns.in/petrol-price-in-arunachal-pradesh-s3.html
2026-08-02,Assam,105.73,100.6,5.13,https://www.goodreturns.in/petrol-price-in-assam-s4.html
2026-08-02,Bihar,113.92,114.67,-0.75,https://www.goodreturns.in/petrol-price-in-bihar-s5.html
2026-08-02,Chhattisgarh,101.54,101.54,0,https://www.goodreturns.in/petrol-price-in-chhattisgarh-s6.html
2026-08-02,Delhi,102.12,102.12,0,https://www.goodreturns.in/petrol-price-in-delhi-s10.html
2026-08-02,Goa,108.06,108.35,-0.29,https://www.goodreturns.in/petrol-price-in-goa-s7.html
2026-08-02,Gujarat,99.44,102.46,-3.02,https://www.goodreturns.in/petrol-price-in-gujarat-s8.html
2026-08-02,Haryana,99.44,102.46,-3.02,https://www.goodreturns.in/petrol-price-in-haryana-s9.html
2026-08-02,Himachal Pradesh,103.92,104.12,-0.2,https://www.goodreturns.in/petrol-price-in-himachal-pradesh-s11.html
2026-08-02,Jammu & Kashmir,102.01,102.01,0,https://www.goodreturns.in/petrol-price-in-jammu-kashmir-s12.html
2026-08-02,Jharkhand,103.28,103.28,0,https://www.goodreturns.in/petrol-price-in-jharkhand-s13.html
2026-08-02,Karnataka,102.44,102.38,0.06,https://www.goodreturns.in/petrol-price-in-karnataka-s14.html
2026-08-02,Kerala,104.13,104.34,-0.21,https://www.goodreturns.in/petrol-price-in-kerala-s15.html
2026-08-02,Madhya Pradesh,105.17,105.17,0,https://www.goodreturns.in/petrol-price-in-madhya-pradesh-s16.html
2026-08-02,Maharashtra,111.68,111.68,0,https://www.goodreturns.in/petrol-price-in-maharashtra-s17.html
2026-08-02,Manipur,114.61,115.49,-0.88,https://www.goodreturns.in/petrol-price-in-manipur-s18.html
2026-08-02,Meghalaya,114.45,115.44,-0.99,https://www.goodreturns.in/petrol-price-in-meghalaya-s19.html
2026-08-02,Mizoram,111.21,111.21,0,https://www.goodreturns.in/petrol-price-in-mizoram-s20.html
2026-08-02,Nagaland,106.87,107.28,-0.41,https://www.goodreturns.in/petrol-price-in-nagaland-s21.html
2026-08-02,Odisha,102.53,102.6,-0.07,https://www.goodreturns.in/petrol-price-in-odisha-s22.html
2026-08-02,Punjab,106.55,106.55,0,https://www.goodreturns.in/petrol-price-in-punjab-s23.html
2026-08-02,Rajasthan,104.43,104.43,0,https://www.goodreturns.in/petrol-price-in-rajasthan-s24.html
2026-08-02,Sikkim,108.97,108.97,0,https://www.goodreturns.in/petrol-price-in-sikkim-s25.html
2026-08-02,Tamil Nadu,103.58,101.18,2.4,https://www.goodreturns.in/petrol-price-in-tamil-nadu-s26.html
2026-08-02,Telangana,105.56,105.2,0.36,https://www.goodreturns.in/petrol-price-in-telangana-s27.html
2026-08-02,Tripura,113.97,113.97,0,https://www.goodreturns.in/petrol-price-in-tripura-s28.html
2026-08-02,Uttar Pradesh,110.6,110.6,0,https://www.goodreturns.in/petrol-price-in-uttar-pradesh-s29.html
2026-08-02,Uttarakhand,107.77,107.87,-0.1,https://www.goodreturns.in/petrol-price-in-uttarakhand-s30.html
2026-08-02,West Bengal,115.73,115.73,0,https://www.goodreturns.in/petrol-price-in-west-bengal-s31.html
2026-08-03,Andhra Pradesh,117.51,117.25,0.26,https://www.goodreturns.in/petrol-price-in-andhra-pradesh-s2.html
2026-08-03,Arunachal Pradesh,97.95,99.69,-1.74,https://www.goodreturns.in/petrol-price-in-arunachal-pradesh-s3.html
2026-08-03,Assam,105.73,105.73,0,https://www.goodreturns.in/petrol-price-in-assam-s4.html
2026-08-03,Bihar,113.37,113.92,-0.55,https://www.goodreturns.in/petrol-price-in-bihar-s5.html
2026-08-03,Chhattisgarh,101.54,101.54,0,https://www.goodreturns.in/petrol-price-in-chhattisgarh-s6.html
2026-08-03,Delhi,102.12,102.12,0,https://www.goodreturns.in/petrol-price-in-delhi-s10.html
2026-08-03,Goa,108.06,108.06,0,https://www.goodreturns.in/petrol-price-in-goa-s7.html
2026-08-03,Gujarat,99.62,99.44,0.18,https://www.goodreturns.in/petrol-price-in-gujarat-s8.html
2026-08-03,Haryana,99.62,99.44,0.18,https://www.goodreturns.in/petrol-price-in-haryana-s9.html
2026-08-03,Himachal Pradesh,104,103.92,0.08,https://www.goodreturns.in/petrol-price-in-himachal-pradesh-s11.html
2026-08-03,Jammu & Kashmir,102.01,102.01,0,https://www.goodreturns.in/petrol-price-in-jammu-kashmir-s12.html
2026-08-03,Jharkhand,103.28,103.28,0,https://www.goodreturns.in/petrol-price-in-jharkhand-s13.html
2026-08-03,Karnataka,102.38,102.44,-0.06,https://www.goodreturns.in/petrol-price-in-karnataka-s14.html
2026-08-03,Kerala,105.86,104.13,1.73,https://www.goodreturns.in/petrol-price-in-kerala-s15.html
2026-08-03,Madhya Pradesh,106.19,105.17,1.02,https://www.goodreturns.in/petrol-price-in-madhya-pradesh-s16.html
2026-08-03,Maharashtra,111.68,111.68,0,https://www.goodreturns.in/petrol-price-in-maharashtra-s17.html
2026-08-03,Manipur,115.49,114.61,0.88,https://www.goodreturns.in/petrol-price-in-manipur-s18.html
2026-08-03,Meghalaya,114.54,114.45,0.09,https://www.goodreturns.in/petrol-price-in-meghalaya-s19.html
2026-08-03,Mizoram,111.18,111.21,-0.03,https://www.goodreturns.in/petrol-price-in-mizoram-s20.html
2026-08-03,Nagaland,106.82,106.87,-0.05,https://www.goodreturns.in/petrol-price-in-nagaland-s21.html
2026-08-03,Odisha,102.6,102.53,0.07,https://www.goodreturns.in/petrol-price-in-odisha-s22.html
2026-08-03,Punjab,106.69,106.55,0.14,https://www.goodreturns.in/petrol-price-in-punjab-s23.html
2026-08-03,Rajasthan,104.87,104.43,0.44,https://www.goodreturns.in/petrol-price-in-rajasthan-s24.html
2026-08-03,Sikkim,109.33,108.97,0.36,https://www.goodreturns.in/petrol-price-in-sikkim-s25.html
2026-08-03,Tamil Nadu,103.72,103.58,0.14,https://www.goodreturns.in/petrol-price-in-tamil-nadu-s26.html
2026-08-03,Telangana,105.29,105.56,-0.27,https://www.goodreturns.in/petrol-price-in-telangana-s27.html
2026-08-03,Tripura,112.69,113.97,-1.28,https://www.goodreturns.in/petrol-price-in-tripura-s28.html
2026-08-03,Uttar Pradesh,110.6,110.6,0,https://www.goodreturns.in/petrol-price-in-uttar-pradesh-s29.html
2026-08-03,Uttarakhand,107.76,107.77,-0.01,https://www.goodreturns.in/petrol-price-in-uttarakhand-s30.html
2026-08-03,West Bengal,115.69,115.73,-0.04,https://www.goodreturns.in/petrol-price-in-west-bengal-s31.html
2026-08-04,Andhra Pradesh,116.5,117.51,-1.01,https://www.goodreturns.in/petrol-price-in-andhra-pradesh-s2.html
2026-08-04,Arunachal Pradesh,97.95,97.95,0,https://www.goodreturns.in/petrol-price-in-arunachal-pradesh-s3.html
2026-08-04,Assam,105.73,105.73,0,https://www.goodreturns.in/petrol-price-in-assam-s4.html
2026-08-04,Bihar,113.37,113.37,0,https://www.goodreturns.in/petrol-price-in-bihar-s5.html
2026-08-04,Chhattisgarh,101.54,101.54,0,https://www.goodreturns.in/petrol-price-in-chhattisgarh-s6.html
2026-08-04,Delhi,102.12,102.12,0,https://www.goodreturns.in/petrol-price-in-delhi-s10.html
2026-08-04,Goa,108.06,108.06,0,https://www.goodreturns.in/petrol-price-in-goa-s7.html
2026-08-04,Gujarat,99.62,99.62,0,https://www.goodreturns.in/petrol-price-in-gujarat-s8.html
2026-08-04,Haryana,99.62,99.62,0,https://www.goodreturns.in/petrol-price-in-haryana-s9.html
2026-08-04,Himachal Pradesh,104,104,0,https://www.goodreturns.in/petrol-price-in-himachal-pradesh-s11.html
2026-08-04,Jammu & Kashmir,102.01,102.01,0,https://www.goodreturns.in/petrol-price-in-jammu-kashmir-s12.html
2026-08-04,Jharkhand,103.28,103.28,0,https://www.goodreturns.in/petrol-price-in-jharkhand-s13.html
2026-08-04,Karnataka,102.38,102.38,0,https://www.goodreturns.in/petrol-price-in-karnataka-s14.html
2026-08-04,Kerala,104.13,105.86,-1.73,https://www.goodreturns.in/petrol-price-in-kerala-s15.html
2026-08-04,Madhya Pradesh,106.74,106.19,0.55,https://www.goodreturns.in/petrol-price-in-madhya-pradesh-s16.html
2026-08-04,Maharashtra,110.82,111.68,-0.86,https://www.goodreturns.in/petrol-price-in-maharashtra-s17.html
2026-08-04,Manipur,115.49,115.49,0,https://www.goodreturns.in/petrol-price-in-manipur-s18.html
2026-08-04,Meghalaya,114.54,114.54,0,https://www.goodreturns.in/petrol-price-in-meghalaya-s19.html
2026-08-04,Mizoram,111.21,111.18,0.03,https://www.goodreturns.in/petrol-price-in-mizoram-s20.html
2026-08-04,Nagaland,106.91,106.82,0.09,https://www.goodreturns.in/petrol-price-in-nagaland-s21.html
2026-08-04,Odisha,102.6,102.6,0,https://www.goodreturns.in/petrol-price-in-odisha-s22.html
2026-08-04,Punjab,106.55,106.69,-0.14,https://www.goodreturns.in/petrol-price-in-punjab-s23.html
2026-08-04,Rajasthan,104.87,104.87,0,https://www.goodreturns.in/petrol-price-in-rajasthan-s24.html
2026-08-04,Sikkim,108.85,109.33,-0.48,https://www.goodreturns.in/petrol-price-in-sikkim-s25.html
2026-08-04,Tamil Nadu,103.58,103.72,-0.14,https://www.goodreturns.in/petrol-price-in-tamil-nadu-s26.html
2026-08-04,Telangana,105.64,105.29,0.35,https://www.goodreturns.in/petrol-price-in-telangana-s27.html
2026-08-04,Tripura,113.19,112.69,0.5,https://www.goodreturns.in/petrol-price-in-tripura-s28.html
2026-08-04,Uttar Pradesh,110.6,110.6,0,https://www.goodreturns.in/petrol-price-in-uttar-pradesh-s29.html
2026-08-04,Uttarakhand,107.76,107.76,0,https://www.goodreturns.in/petrol-price-in-uttarakhand-s30.html
2026-08-04,West Bengal,115.69,115.69,0,https://www.goodreturns.in/petrol-price-in-west-bengal-s31.html
2026-08-05,Andhra Pradesh,118.1,116.5,1.6,https://www.goodreturns.in/petrol-price-in-andhra-pradesh-s2.html
2026-08-05,Arunachal Pradesh,97.95,97.95,0,https://www.goodreturns.in/petrol-price-in-arunachal-pradesh-s3.html
2026-08-05,Assam,105.73,105.73,0,https://www.goodreturns.in/petrol-price-in-assam-s4.html
2026-08-05,Bihar,113.37,113.37,0,https://www.goodreturns.in/petrol-price-in-bihar-s5.html
2026-08-05,Chhattisgarh,101.54,101.54,0,https://www.goodreturns.in/petrol-price-in-chhattisgarh-s6.html
2026-08-05,Delhi,102.12,102.12,0,https://www.goodreturns.in/petrol-price-in-delhi-s10.html
2026-08-05,Goa,108.3,108.06,0.24,https://www.goodreturns.in/petrol-price-in-goa-s7.html
2026-08-05,Gujarat,99.44,99.62,-0.18,https://www.goodreturns.in/petrol-price-in-gujarat-s8.html
2026-08-05,Haryana,99.44,99.62,-0.18,https://www.goodreturns.in/petrol-price-in-haryana-s9.html
2026-08-05,Himachal Pradesh,104,104,0,https://www.goodreturns.in/petrol-price-in-himachal-pradesh-s11.html
2026-08-05,Jammu & Kashmir,102.04,102.01,0.03,https://www.goodreturns.in/petrol-price-in-jammu-kashmir-s12.html
2026-08-05,Jharkhand,103.28,103.28,0,https://www.goodreturns.in/petrol-price-in-jharkhand-s13.html
2026-08-05,Karnataka,102.38,102.38,0,https://www.goodreturns.in/petrol-price-in-karnataka-s14.html
2026-08-05,Kerala,104.13,104.13,0,https://www.goodreturns.in/petrol-price-in-kerala-s15.html
2026-08-05,Madhya Pradesh,106.19,106.74,-0.55,https://www.goodreturns.in/petrol-price-in-madhya-pradesh-s16.html
2026-08-05,Maharashtra,111.68,110.82,0.86,https://www.goodreturns.in/petrol-price-in-maharashtra-s17.html
2026-08-05,Manipur,115.49,115.49,0,https://www.goodreturns.in/petrol-price-in-manipur-s18.html
2026-08-05,Meghalaya,114.54,114.54,0,https://www.goodreturns.in/petrol-price-in-meghalaya-s19.html
2026-08-05,Mizoram,111.21,111.21,0,https://www.goodreturns.in/petrol-price-in-mizoram-s20.html
2026-08-05,Nagaland,106.87,106.91,-0.04,https://www.goodreturns.in/petrol-price-in-nagaland-s21.html
2026-08-05,Odisha,102.6,102.6,0,https://www.goodreturns.in/petrol-price-in-odisha-s22.html
2026-08-05,Punjab,106.55,106.55,0,https://www.goodreturns.in/petrol-price-in-punjab-s23.html
2026-08-05,Rajasthan,104.87,104.87,0,https://www.goodreturns.in/petrol-price-in-rajasthan-s24.html
2026-08-05,Sikkim,108.97,108.85,0.12,https://www.goodreturns.in/petrol-price-in-sikkim-s25.html
2026-08-05,Tamil Nadu,103.58,103.58,0,https://www.goodreturns.in/petrol-price-in-tamil-nadu-s26.html
2026-08-05,Telangana,105.56,105.64,-0.08,https://www.goodreturns.in/petrol-price-in-telangana-s27.html
2026-08-05,Tripura,113.19,113.19,0,https://www.goodreturns.in/petrol-price-in-tripura-s28.html
2026-08-05,Uttar Pradesh,110.6,110.6,0,https://www.goodreturns.in/petrol-price-in-uttar-pradesh-s29.html
2026-08-05,Uttarakhand,107.76,107.76,0,https://www.goodreturns.in/petrol-price-in-uttarakhand-s30.html
2026-08-05,West Bengal,115.69,115.69,0,https://www.goodreturns.in/petrol-price-in-west-bengal-s31.html
2026-08-06,Andhra Pradesh,116.62,118.1,-1.48,https://www.goodreturns.in/petrol-price-in-andhra-pradesh-s2.html
2026-08-06,Arunachal Pradesh,99.7,97.95,1.75,https://www.goodreturns.in/petrol-price-in-arunachal-pradesh-s3.html
2026-08-06,Assam,105.73,105.73,0,https://www.goodreturns.in/petrol-price-in-assam-s4.html
2026-08-06,Bihar,113.37,113.37,0,https://www.goodreturns.in/petrol-price-in-bihar-s5.html
2026-08-06,Chhattisgarh,105.93,101.54,4.39,https://www.goodreturns.in/petrol-price-in-chhattisgarh-s6.html
2026-08-06,Delhi,102.12,102.12,0,https://www.goodreturns.in/petrol-price-in-delhi-s10.html
2026-08-06,Goa,109.33,108.3,1.03,https://www.goodreturns.in/petrol-price-in-goa-s7.html
2026-08-06,Gujarat,99.63,99.44,0.19,https://www.goodreturns.in/petrol-price-in-gujarat-s8.html
2026-08-06,Haryana,99.63,99.44,0.19,https://www.goodreturns.in/petrol-price-in-haryana-s9.html
2026-08-06,Himachal Pradesh,104,104,0,https://www.goodreturns.in/petrol-price-in-himachal-pradesh-s11.html
2026-08-06,Jammu & Kashmir,102.01,102.04,-0.03,https://www.goodreturns.in/petrol-price-in-jammu-kashmir-s12.html
2026-08-06,Jharkhand,103.28,103.28,0,https://www.goodreturns.in/petrol-price-in-jharkhand-s13.html
2026-08-06,Karnataka,102.38,102.38,0,https://www.goodreturns.in/petrol-price-in-karnataka-s14.html
2026-08-06,Kerala,104.13,104.13,0,https://www.goodreturns.in/petrol-price-in-kerala-s15.html
2026-08-06,Madhya Pradesh,105.35,106.19,-0.84,https://www.goodreturns.in/petrol-price-in-madhya-pradesh-s16.html
2026-08-06,Maharashtra,110.93,111.68,-0.75,https://www.goodreturns.in/petrol-price-in-maharashtra-s17.html
2026-08-06,Manipur,114.19,115.49,-1.3,https://www.goodreturns.in/petrol-price-in-manipur-s18.html
2026-08-06,Meghalaya,116.02,114.54,1.48,https://www.goodreturns.in/petrol-price-in-meghalaya-s19.html
2026-08-06,Mizoram,112.48,111.21,1.27,https://www.goodreturns.in/petrol-price-in-mizoram-s20.html
2026-08-06,Nagaland,106.87,106.87,0,https://www.goodreturns.in/petrol-price-in-nagaland-s21.html
2026-08-06,Odisha,102.6,102.6,0,https://www.goodreturns.in/petrol-price-in-odisha-s22.html
2026-08-06,Punjab,106.55,106.55,0,https://www.goodreturns.in/petrol-price-in-punjab-s23.html
2026-08-06,Rajasthan,105.75,104.87,0.88,https://www.goodreturns.in/petrol-price-in-rajasthan-s24.html
2026-08-06,Sikkim,108.97,108.97,0,https://www.goodreturns.in/petrol-price-in-sikkim-s25.html
2026-08-06,Tamil Nadu,103.41,103.58,-0.17,https://www.goodreturns.in/petrol-price-in-tamil-nadu-s26.html
2026-08-06,Telangana,105.56,105.56,0,https://www.goodreturns.in/petrol-price-in-telangana-s27.html
2026-08-06,Tripura,112.69,113.19,-0.5,https://www.goodreturns.in/petrol-price-in-tripura-s28.html
2026-08-06,Uttar Pradesh,102.12,110.6,-8.48,https://www.goodreturns.in/petrol-price-in-uttar-pradesh-s29.html
2026-08-06,Uttarakhand,107.97,107.76,0.21,https://www.goodreturns.in/petrol-price-in-uttarakhand-s30.html
2026-08-06,West Bengal,115.87,115.69,0.18,https://www.goodreturns.in/petrol-price-in-west-bengal-s31.html
2026-08-07,Andhra Pradesh,118.1,116.62,1.48,https://www.goodreturns.in/petrol-price-in-andhra-pradesh-s2.html
2026-08-07,Arunachal Pradesh,97.95,99.7,-1.75,https://www.goodreturns.in/petrol-price-in-arunachal-pradesh-s3.html
2026-08-07,Assam,105.73,105.73,0,https://www.goodreturns.in/petrol-price-in-assam-s4.html
2026-08-07,Bihar,113.37,113.37,0,https://www.goodreturns.in/petrol-price-in-bihar-s5.html
2026-08-07,Chhattisgarh,101.54,105.93,-4.39,https://www.goodreturns.in/petrol-price-in-chhattisgarh-s6.html
2026-08-07,Delhi,102.12,102.12,0,https://www.goodreturns.in/petrol-price-in-delhi-s10.html
2026-08-07,Goa,108.3,109.33,-1.03,https://www.goodreturns.in/petrol-price-in-goa-s7.html
2026-08-07,Gujarat,99.44,99.63,-0.19,https://www.goodreturns.in/petrol-price-in-gujarat-s8.html
2026-08-07,Haryana,99.44,99.63,-0.19,https://www.goodreturns.in/petrol-price-in-haryana-s9.html
2026-08-07,Himachal Pradesh,104,104,0,https://www.goodreturns.in/petrol-price-in-himachal-pradesh-s11.html
2026-08-07,Jammu & Kashmir,102.04,102.01,0.03,https://www.goodreturns.in/petrol-price-in-jammu-kashmir-s12.html
2026-08-07,Jharkhand,103.28,103.28,0,https://www.goodreturns.in/petrol-price-in-jharkhand-s13.html
2026-08-07,Karnataka,102.38,102.38,0,https://www.goodreturns.in/petrol-price-in-karnataka-s14.html
2026-08-07,Kerala,104.13,104.13,0,https://www.goodreturns.in/petrol-price-in-kerala-s15.html
2026-08-07,Madhya Pradesh,106.19,105.35,0.84,https://www.goodreturns.in/petrol-price-in-madhya-pradesh-s16.html
2026-08-07,Maharashtra,111.68,110.93,0.75,https://www.goodreturns.in/petrol-price-in-maharashtra-s17.html
2026-08-07,Manipur,115.49,114.19,1.3,https://www.goodreturns.in/petrol-price-in-manipur-s18.html
2026-08-07,Meghalaya,114.37,116.02,-1.65,https://www.goodreturns.in/petrol-price-in-meghalaya-s19.html
2026-08-07,Mizoram,111.21,112.48,-1.27,https://www.goodreturns.in/petrol-price-in-mizoram-s20.html
2026-08-07,Nagaland,106.87,106.87,0,https://www.goodreturns.in/petrol-price-in-nagaland-s21.html
2026-08-07,Odisha,102.6,102.6,0,https://www.goodreturns.in/petrol-price-in-odisha-s22.html
2026-08-07,Punjab,106.55,106.55,0,https://www.goodreturns.in/petrol-price-in-punjab-s23.html
2026-08-07,Rajasthan,104.87,105.75,-0.88,https://www.goodreturns.in/petrol-price-in-rajasthan-s24.html
2026-08-07,Sikkim,109.2,108.97,0.23,https://www.goodreturns.in/petrol-price-in-sikkim-s25.html
2026-08-07,Tamil Nadu,103.61,103.41,0.2,https://www.goodreturns.in/petrol-price-in-tamil-nadu-s26.html
2026-08-07,Telangana,105.56,105.56,0,https://www.goodreturns.in/petrol-price-in-telangana-s27.html
2026-08-07,Tripura,113.19,112.69,0.5,https://www.goodreturns.in/petrol-price-in-tripura-s28.html
2026-08-07,Uttar Pradesh,110.6,102.12,8.48,https://www.goodreturns.in/petrol-price-in-uttar-pradesh-s29.html
2026-08-07,Uttarakhand,107.76,107.97,-0.21,https://www.goodreturns.in/petrol-price-in-uttarakhand-s30.html
2026-08-07,West Bengal,115.43,115.87,-0.44,https://www.goodreturns.in/petrol-price-in-west-bengal-s31.html
2026-08-08,Andhra Pradesh,117.88,118.1,-0.22,https://www.goodreturns.in/petrol-price-in-andhra-pradesh-s2.html
2026-08-08,Arunachal Pradesh,99.7,97.95,1.75,https://www.goodreturns.in/petrol-price-in-arunachal-pradesh-s3.html
2026-08-08,Assam,106.94,105.73,1.21,https://www.goodreturns.in/petrol-price-in-assam-s4.html
2026-08-08,Bihar,114.36,113.37,0.99,https://www.goodreturns.in/petrol-price-in-bihar-s5.html
2026-08-08,Chhattisgarh,101.54,101.54,0,https://www.goodreturns.in/petrol-price-in-chhattisgarh-s6.html
2026-08-08,Delhi,102.12,102.12,0,https://www.goodreturns.in/petrol-price-in-delhi-s10.html
2026-08-08,Goa,108.74,108.3,0.44,https://www.goodreturns.in/petrol-price-in-goa-s7.html
2026-08-08,Gujarat,102.43,99.44,2.99,https://www.goodreturns.in/petrol-price-in-gujarat-s8.html
2026-08-08,Haryana,102.43,99.44,2.99,https://www.goodreturns.in/petrol-price-in-haryana-s9.html
2026-08-08,Himachal Pradesh,103.92,104,-0.08,https://www.goodreturns.in/petrol-price-in-himachal-pradesh-s11.html
2026-08-08,Jammu & Kashmir,101.81,102.04,-0.23,https://www.goodreturns.in/petrol-price-in-jammu-kashmir-s12.html
2026-08-08,Jharkhand,103.28,103.28,0,https://www.goodreturns.in/petrol-price-in-jharkhand-s13.html
2026-08-08,Karnataka,101.54,102.38,-0.84,https://www.goodreturns.in/petrol-price-in-karnataka-s14.html
2026-08-08,Kerala,104.13,104.13,0,https://www.goodreturns.in/petrol-price-in-kerala-s15.html
2026-08-08,Madhya Pradesh,105.22,106.19,-0.97,https://www.goodreturns.in/petrol-price-in-madhya-pradesh-s16.html
2026-08-08,Maharashtra,110.93,111.68,-0.75,https://www.goodreturns.in/petrol-price-in-maharashtra-s17.html
2026-08-08,Manipur,114.8,115.49,-0.69,https://www.goodreturns.in/petrol-price-in-manipur-s18.html
2026-08-08,Meghalaya,114.74,114.37,0.37,https://www.goodreturns.in/petrol-price-in-meghalaya-s19.html
2026-08-08,Mizoram,111.21,111.21,0,https://www.goodreturns.in/petrol-price-in-mizoram-s20.html
2026-08-08,Nagaland,106.87,106.87,0,https://www.goodreturns.in/petrol-price-in-nagaland-s21.html
2026-08-08,Odisha,102.6,102.6,0,https://www.goodreturns.in/petrol-price-in-odisha-s22.html
2026-08-08,Punjab,104.46,106.55,-2.09,https://www.goodreturns.in/petrol-price-in-punjab-s23.html
2026-08-08,Rajasthan,104.07,104.87,-0.8,https://www.goodreturns.in/petrol-price-in-rajasthan-s24.html
2026-08-08,Sikkim,108.85,109.2,-0.35,https://www.goodreturns.in/petrol-price-in-sikkim-s25.html
2026-08-08,Tamil Nadu,108.9,103.61,5.29,https://www.goodreturns.in/petrol-price-in-tamil-nadu-s26.html
2026-08-08,Telangana,105.4,105.56,-0.16,https://www.goodreturns.in/petrol-price-in-telangana-s27.html
2026-08-08,Tripura,112.69,113.19,-0.5,https://www.goodreturns.in/petrol-price-in-tripura-s28.html
2026-08-08,Uttar Pradesh,113.18,110.6,2.58,https://www.goodreturns.in/petrol-price-in-uttar-pradesh-s29.html
2026-08-08,Uttarakhand,107.77,107.76,0.01,https://www.goodreturns.in/petrol-price-in-uttarakhand-s30.html
2026-08-08,West Bengal,115.69,115.43,0.26,https://www.goodreturns.in/petrol-price-in-west-bengal-s31.html
2026-08-09,Andhra Pradesh,117.61,117.88,-0.27,https://www.goodreturns.in/petrol-price-in-andhra-pradesh-s2.html
2026-08-09,Arunachal Pradesh,99.66,99.7,-0.04,https://www.goodreturns.in/petrol-price-in-arunachal-pradesh-s3.html
2026-08-09,Assam,105.73,106.94,-1.21,https://www.goodreturns.in/petrol-price-in-assam-s4.html
2026-08-09,Bihar,114.35,114.36,-0.01,https://www.goodreturns.in/petrol-price-in-bihar-s5.html
2026-08-09,Chhattisgarh,101.54,101.54,0,https://www.goodreturns.in/petrol-price-in-chhattisgarh-s6.html
2026-08-09,Delhi,102.12,102.12,0,https://www.goodreturns.in/petrol-price-in-delhi-s10.html
2026-08-09,Goa,108.06,108.74,-0.68,https://www.goodreturns.in/petrol-price-in-goa-s7.html
2026-08-09,Gujarat,99.63,102.43,-2.8,https://www.goodreturns.in/petrol-price-in-gujarat-s8.html
2026-08-09,Haryana,99.63,102.43,-2.8,https://www.goodreturns.in/petrol-price-in-haryana-s9.html
2026-08-09,Himachal Pradesh,103.92,103.92,0,https://www.goodreturns.in/petrol-price-in-himachal-pradesh-s11.html
2026-08-09,Jammu & Kashmir,102.01,101.81,0.2,https://www.goodreturns.in/petrol-price-in-jammu-kashmir-s12.html
2026-08-09,Jharkhand,103.28,103.28,0,https://www.goodreturns.in/petrol-price-in-jharkhand-s13.html
2026-08-09,Karnataka,101.29,101.54,-0.25,https://www.goodreturns.in/petrol-price-in-karnataka-s14.html
2026-08-09,Kerala,107.89,104.13,3.76,https://www.goodreturns.in/petrol-price-in-kerala-s15.html
2026-08-09,Madhya Pradesh,104.99,105.22,-0.23,https://www.goodreturns.in/petrol-price-in-madhya-pradesh-s16.html
2026-08-09,Maharashtra,110.67,110.93,-0.26,https://www.goodreturns.in/petrol-price-in-maharashtra-s17.html
2026-08-09,Manipur,114.83,114.8,0.03,https://www.goodreturns.in/petrol-price-in-manipur-s18.html
2026-08-09,Meghalaya,114.54,114.74,-0.2,https://www.goodreturns.in/petrol-price-in-meghalaya-s19.html
2026-08-09,Mizoram,111.78,111.21,0.57,https://www.goodreturns.in/petrol-price-in-mizoram-s20.html
2026-08-09,Nagaland,107.28,106.87,0.41,https://www.goodreturns.in/petrol-price-in-nagaland-s21.html
2026-08-09,Odisha,102.16,102.6,-0.44,https://www.goodreturns.in/petrol-price-in-odisha-s22.html
2026-08-09,Punjab,106.91,104.46,2.45,https://www.goodreturns.in/petrol-price-in-punjab-s23.html
2026-08-09,Rajasthan,106.01,104.07,1.94,https://www.goodreturns.in/petrol-price-in-rajasthan-s24.html
2026-08-09,Sikkim,108.93,108.85,0.08,https://www.goodreturns.in/petrol-price-in-sikkim-s25.html
2026-08-09,Tamil Nadu,103.58,108.9,-5.32,https://www.goodreturns.in/petrol-price-in-tamil-nadu-s26.html
2026-08-09,Telangana,104.82,105.4,-0.58,https://www.goodreturns.in/petrol-price-in-telangana-s27.html
2026-08-09,Tripura,112.66,112.69,-0.03,https://www.goodreturns.in/petrol-price-in-tripura-s28.html
2026-08-09,Uttar Pradesh,102.12,113.18,-11.06,https://www.goodreturns.in/petrol-price-in-uttar-pradesh-s29.html
2026-08-09,Uttarakhand,109.62,107.77,1.85,https://www.goodreturns.in/petrol-price-in-uttarakhand-s30.html
2026-08-09,West Bengal,116.04,115.69,0.35,https://www.goodreturns.in/petrol-price-in-west-bengal-s31.html
2026-08-10,Andhra Pradesh,118.34,117.61,0.73,https://www.goodreturns.in/petrol-price-in-andhra-pradesh-s2.html
2026-08-10,Arunachal Pradesh,97.95,99.66,-1.71,https://www.goodreturns.in/petrol-price-in-arunachal-pradesh-s3.html
2026-08-10,Assam,105.73,105.73,0,https://www.goodreturns.in/petrol-price-in-assam-s4.html
2026-08-10,Bihar,114.55,114.35,0.2,https://www.goodreturns.in/petrol-price-in-bihar-s5.html
2026-08-10,Chhattisgarh,101.54,101.54,0,https://www.goodreturns.in/petrol-price-in-chhattisgarh-s6.html
2026-08-10,Delhi,102.12,102.12,0,https://www.goodreturns.in/petrol-price-in-delhi-s10.html
2026-08-10,Goa,108.06,108.06,0,https://www.goodreturns.in/petrol-price-in-goa-s7.html
2026-08-10,Gujarat,99.83,99.63,0.2,https://www.goodreturns.in/petrol-price-in-gujarat-s8.html
2026-08-10,Haryana,99.83,99.63,0.2,https://www.goodreturns.in/petrol-price-in-haryana-s9.html
2026-08-10,Himachal Pradesh,103.92,103.92,0,https://www.goodreturns.in/petrol-price-in-himachal-pradesh-s11.html
2026-08-10,Jammu & Kashmir,101.81,102.01,-0.2,https://www.goodreturns.in/petrol-price-in-jammu-kashmir-s12.html
2026-08-10,Jharkhand,103.28,103.28,0,https://www.goodreturns.in/petrol-price-in-jharkhand-s13.html
2026-08-10,Karnataka,101.98,101.29,0.69,https://www.goodreturns.in/petrol-price-in-karnataka-s14.html
2026-08-10,Kerala,104.13,107.89,-3.76,https://www.goodreturns.in/petrol-price-in-kerala-s15.html
2026-08-10,Madhya Pradesh,104.95,104.99,-0.04,https://www.goodreturns.in/petrol-price-in-madhya-pradesh-s16.html
2026-08-10,Maharashtra,111.68,110.67,1.01,https://www.goodreturns.in/petrol-price-in-maharashtra-s17.html
2026-08-10,Manipur,115.49,114.83,0.66,https://www.goodreturns.in/petrol-price-in-manipur-s18.html
2026-08-10,Meghalaya,114.45,114.54,-0.09,https://www.goodreturns.in/petrol-price-in-meghalaya-s19.html
2026-08-10,Mizoram,111.21,111.78,-0.57,https://www.goodreturns.in/petrol-price-in-mizoram-s20.html
2026-08-10,Nagaland,106.82,107.28,-0.46,https://www.goodreturns.in/petrol-price-in-nagaland-s21.html
2026-08-10,Odisha,102.6,102.16,0.44,https://www.goodreturns.in/petrol-price-in-odisha-s22.html
2026-08-10,Punjab,106.55,106.91,-0.36,https://www.goodreturns.in/petrol-price-in-punjab-s23.html
2026-08-10,Rajasthan,105.83,106.01,-0.18,https://www.goodreturns.in/petrol-price-in-rajasthan-s24.html
2026-08-10,Sikkim,108.97,108.93,0.04,https://www.goodreturns.in/petrol-price-in-sikkim-s25.html
2026-08-10,Tamil Nadu,103.61,103.58,0.03,https://www.goodreturns.in/petrol-price-in-tamil-nadu-s26.html
2026-08-10,Telangana,105.1,104.82,0.28,https://www.goodreturns.in/petrol-price-in-telangana-s27.html
2026-08-10,Tripura,113.19,112.66,0.53,https://www.goodreturns.in/petrol-price-in-tripura-s28.html
2026-08-10,Uttar Pradesh,102.12,102.12,0,https://www.goodreturns.in/petrol-price-in-uttar-pradesh-s29.html
2026-08-10,Uttarakhand,107.77,109.62,-1.85,https://www.goodreturns.in/petrol-price-in-uttarakhand-s30.html
2026-08-10,West Bengal,115.72,116.04,-0.32,https://www.goodreturns.in/petrol-price-in-west-bengal-s31.html
2026-08-11,Andhra Pradesh,117.68,118.34,-0.66,https://www.goodreturns.in/petrol-price-in-andhra-pradesh-s2.html
2026-08-11,Arunachal Pradesh,98.37,97.95,0.42,https://www.goodreturns.in/petrol-price-in-arunachal-pradesh-s3.html
2026-08-11,Assam,105.7,105.73,-0.03,https://www.goodreturns.in/petrol-price-in-assam-s4.html
2026-08-11,Bihar,114.48,114.55,-0.07,https://www.goodreturns.in/petrol-price-in-bihar-s5.html
2026-08-11,Chhattisgarh,101.51,101.54,-0.03,https://www.goodreturns.in/petrol-price-in-chhattisgarh-s6.html
2026-08-11,Delhi,102.12,102.12,0,https://www.goodreturns.in/petrol-price-in-delhi-s10.html
2026-08-11,Goa,108.06,108.06,0,https://www.goodreturns.in/petrol-price-in-goa-s7.html
2026-08-11,Gujarat,99.62,99.83,-0.21,https://www.goodreturns.in/petrol-price-in-gujarat-s8.html
2026-08-11,Haryana,99.62,99.83,-0.21,https://www.goodreturns.in/petrol-price-in-haryana-s9.html
2026-08-11,Himachal Pradesh,104.03,103.92,0.11,https://www.goodreturns.in/petrol-price-in-himachal-pradesh-s11.html
2026-08-11,Jammu & Kashmir,102.01,101.81,0.2,https://www.goodreturns.in/petrol-price-in-jammu-kashmir-s12.html
2026-08-11,Jharkhand,103.28,103.28,0,https://www.goodreturns.in/petrol-price-in-jharkhand-s13.html
2026-08-11,Karnataka,102.44,101.98,0.46,https://www.goodreturns.in/petrol-price-in-karnataka-s14.html
2026-08-11,Kerala,108.02,104.13,3.89,https://www.goodreturns.in/petrol-price-in-kerala-s15.html
2026-08-11,Madhya Pradesh,105.62,104.95,0.67,https://www.goodreturns.in/petrol-price-in-madhya-pradesh-s16.html
2026-08-11,Maharashtra,111.81,111.68,0.13,https://www.goodreturns.in/petrol-price-in-maharashtra-s17.html
2026-08-11,Manipur,114.09,115.49,-1.4,https://www.goodreturns.in/petrol-price-in-manipur-s18.html
2026-08-11,Meghalaya,114.91,114.45,0.46,https://www.goodreturns.in/petrol-price-in-meghalaya-s19.html
2026-08-11,Mizoram,111.18,111.21,-0.03,https://www.goodreturns.in/petrol-price-in-mizoram-s20.html
2026-08-11,Nagaland,107.79,106.82,0.97,https://www.goodreturns.in/petrol-price-in-nagaland-s21.html
2026-08-11,Odisha,102.6,102.6,0,https://www.goodreturns.in/petrol-price-in-odisha-s22.html
2026-08-11,Punjab,105.29,106.55,-1.26,https://www.goodreturns.in/petrol-price-in-punjab-s23.html
2026-08-11,Rajasthan,104.28,105.83,-1.55,https://www.goodreturns.in/petrol-price-in-rajasthan-s24.html
2026-08-11,Sikkim,108.85,108.97,-0.12,https://www.goodreturns.in/petrol-price-in-sikkim-s25.html
2026-08-11,Tamil Nadu,103.61,103.61,0,https://www.goodreturns.in/petrol-price-in-tamil-nadu-s26.html
2026-08-11,Telangana,105.56,105.1,0.46,https://www.goodreturns.in/petrol-price-in-telangana-s27.html
2026-08-11,Tripura,113.07,113.19,-0.12,https://www.goodreturns.in/petrol-price-in-tripura-s28.html
2026-08-11,Uttar Pradesh,110.6,102.12,8.48,https://www.goodreturns.in/petrol-price-in-uttar-pradesh-s29.html
2026-08-11,Uttarakhand,108.67,107.77,0.9,https://www.goodreturns.in/petrol-price-in-uttarakhand-s30.html
2026-08-11,West Bengal,115.72,115.72,0,https://www.goodreturns.in/petrol-price-in-west-bengal-s31.html
2026-08-12,Andhra Pradesh,118.1,117.68,0.42,https://www.goodreturns.in/petrol-price-in-andhra-pradesh-s2.html
2026-08-12,Arunachal Pradesh,99.67,98.37,1.3,https://www.goodreturns.in/petrol-price-in-arunachal-pradesh-s3.html
2026-08-12,Assam,105.73,105.7,0.03,https://www.goodreturns.in/petrol-price-in-assam-s4.html
2026-08-12,Bihar,113.37,114.48,-1.11,https://www.goodreturns.in/petrol-price-in-bihar-s5.html
2026-08-12,Chhattisgarh,101.54,101.51,0.03,https://www.goodreturns.in/petrol-price-in-chhattisgarh-s6.html
2026-08-12,Delhi,102.12,102.12,0,https://www.goodreturns.in/petrol-price-in-delhi-s10.html
2026-08-12,Goa,108.06,108.06,0,https://www.goodreturns.in/petrol-price-in-goa-s7.html
2026-08-12,Gujarat,102.46,99.62,2.84,https://www.goodreturns.in/petrol-price-in-gujarat-s8.html
2026-08-12,Haryana,102.46,99.62,2.84,https://www.goodreturns.in/petrol-price-in-haryana-s9.html
2026-08-12,Himachal Pradesh,103.92,104.03,-0.11,https://www.goodreturns.in/petrol-price-in-himachal-pradesh-s11.html
2026-08-12,Jammu & Kashmir,102.04,102.01,0.03,https://www.goodreturns.in/petrol-price-in-jammu-kashmir-s12.html
2026-08-12,Jharkhand,103.28,103.28,0,https://www.goodreturns.in/petrol-price-in-jharkhand-s13.html
2026-08-12,Karnataka,101.68,102.44,-0.76,https://www.goodreturns.in/petrol-price-in-karnataka-s14.html
2026-08-12,Kerala,104.13,108.02,-3.89,https://www.goodreturns.in/petrol-price-in-kerala-s15.html
2026-08-12,Madhya Pradesh,106.19,105.62,0.57,https://www.goodreturns.in/petrol-price-in-madhya-pradesh-s16.html
2026-08-12,Maharashtra,111.68,111.81,-0.13,https://www.goodreturns.in/petrol-price-in-maharashtra-s17.html
2026-08-12,Manipur,115.49,114.09,1.4,https://www.goodreturns.in/petrol-price-in-manipur-s18.html
2026-08-12,Meghalaya,114.45,114.91,-0.46,https://www.goodreturns.in/petrol-price-in-meghalaya-s19.html
2026-08-12,Mizoram,111.21,111.18,0.03,https://www.goodreturns.in/petrol-price-in-mizoram-s20.html
2026-08-12,Nagaland,106.87,107.79,-0.92,https://www.goodreturns.in/petrol-price-in-nagaland-s21.html
2026-08-12,Odisha,102.6,102.6,0,https://www.goodreturns.in/petrol-price-in-odisha-s22.html
2026-08-12,Punjab,106.55,105.29,1.26,https://www.goodreturns.in/petrol-price-in-punjab-s23.html
2026-08-12,Rajasthan,106.87,104.28,2.59,https://www.goodreturns.in/petrol-price-in-rajasthan-s24.html
2026-08-12,Sikkim,108.97,108.85,0.12,https://www.goodreturns.in/petrol-price-in-sikkim-s25.html
2026-08-12,Tamil Nadu,103.58,103.61,-0.03,https://www.goodreturns.in/petrol-price-in-tamil-nadu-s26.html
2026-08-12,Telangana,105.56,105.56,0,https://www.goodreturns.in/petrol-price-in-telangana-s27.html
2026-08-12,Tripura,113.19,113.07,0.12,https://www.goodreturns.in/petrol-price-in-tripura-s28.html
2026-08-12,Uttar Pradesh,110.6,110.6,0,https://www.goodreturns.in/petrol-price-in-uttar-pradesh-s29.html
2026-08-12,Uttarakhand,107.76,108.67,-0.91,https://www.goodreturns.in/petrol-price-in-uttarakhand-s30.html
2026-08-12,West Bengal,115.69,115.72,-0.03,https://www.goodreturns.in/petrol-price-in-west-bengal-s31.html
2026-08-13,Andhra Pradesh,116.79,118.1,-1.31,https://www.goodreturns.in/petrol-price-in-andhra-pradesh-s2.html
2026-08-13,Arunachal Pradesh,97.95,99.67,-1.72,https://www.goodreturns.in/petrol-price-in-arunachal-pradesh-s3.html
2026-08-13,Assam,106.33,105.73,0.6,https://www.goodreturns.in/petrol-price-in-assam-s4.html
2026-08-13,Bihar,113.37,113.37,0,https://www.goodreturns.in/petrol-price-in-bihar-s5.html
2026-08-13,Chhattisgarh,102.61,101.54,1.07,https://www.goodreturns.in/petrol-price-in-chhattisgarh-s6.html
2026-08-13,Delhi,102.12,102.12,0,https://www.goodreturns.in/petrol-price-in-delhi-s10.html
2026-08-13,Goa,108.3,108.06,0.24,https://www.goodreturns.in/petrol-price-in-goa-s7.html
2026-08-13,Gujarat,99.44,102.46,-3.02,https://www.goodreturns.in/petrol-price-in-gujarat-s8.html
2026-08-13,Haryana,99.44,102.46,-3.02,https://www.goodreturns.in/petrol-price-in-haryana-s9.html
2026-08-13,Himachal Pradesh,104,103.92,0.08,https://www.goodreturns.in/petrol-price-in-himachal-pradesh-s11.html
2026-08-13,Jammu & Kashmir,102.01,102.04,-0.03,https://www.goodreturns.in/petrol-price-in-jammu-kashmir-s12.html
2026-08-13,Jharkhand,103.28,103.28,0,https://www.goodreturns.in/petrol-price-in-jharkhand-s13.html
2026-08-13,Karnataka,102.61,101.68,0.93,https://www.goodreturns.in/petrol-price-in-karnataka-s14.html
2026-08-13,Kerala,108.27,104.13,4.14,https://www.goodreturns.in/petrol-price-in-kerala-s15.html
2026-08-13,Madhya Pradesh,105.35,106.19,-0.84,https://www.goodreturns.in/petrol-price-in-madhya-pradesh-s16.html
2026-08-13,Maharashtra,111.68,111.68,0,https://www.goodreturns.in/petrol-price-in-maharashtra-s17.html
2026-08-13,Manipur,113.88,115.49,-1.61,https://www.goodreturns.in/petrol-price-in-manipur-s18.html
2026-08-13,Meghalaya,114.45,114.45,0,https://www.goodreturns.in/petrol-price-in-meghalaya-s19.html
2026-08-13,Mizoram,111.21,111.21,0,https://www.goodreturns.in/petrol-price-in-mizoram-s20.html
2026-08-13,Nagaland,107.17,106.87,0.3,https://www.goodreturns.in/petrol-price-in-nagaland-s21.html
2026-08-13,Odisha,100.69,102.6,-1.91,https://www.goodreturns.in/petrol-price-in-odisha-s22.html
2026-08-13,Punjab,106.55,106.55,0,https://www.goodreturns.in/petrol-price-in-punjab-s23.html
2026-08-13,Rajasthan,103.67,106.87,-3.2,https://www.goodreturns.in/petrol-price-in-rajasthan-s24.html
2026-08-13,Sikkim,108.97,108.97,0,https://www.goodreturns.in/petrol-price-in-sikkim-s25.html
2026-08-13,Tamil Nadu,103.61,103.58,0.03,https://www.goodreturns.in/petrol-price-in-tamil-nadu-s26.html
2026-08-13,Telangana,104.82,105.56,-0.74,https://www.goodreturns.in/petrol-price-in-telangana-s27.html
2026-08-13,Tripura,112.69,113.19,-0.5,https://www.goodreturns.in/petrol-price-in-tripura-s28.html
2026-08-13,Uttar Pradesh,110.6,110.6,0,https://www.goodreturns.in/petrol-price-in-uttar-pradesh-s29.html
2026-08-13,Uttarakhand,107.78,107.76,0.02,https://www.goodreturns.in/petrol-price-in-uttarakhand-s30.html
2026-08-13,West Bengal,115.69,115.69,0,https://www.goodreturns.in/petrol-price-in-west-bengal-s31.html
2026-08-14,Andhra Pradesh,117.25,116.79,0.46,https://www.goodreturns.in/petrol-price-in-andhra-pradesh-s2.html
2026-08-14,Arunachal Pradesh,97.95,97.95,0,https://www.goodreturns.in/petrol-price-in-arunachal-pradesh-s3.html
2026-08-14,Assam,105.73,106.33,-0.6,https://www.goodreturns.in/petrol-price-in-assam-s4.html
2026-08-14,Bihar,113.37,113.37,0,https://www.goodreturns.in/petrol-price-in-bihar-s5.html
2026-08-14,Chhattisgarh,102.01,102.61,-0.6,https://www.goodreturns.in/petrol-price-in-chhattisgarh-s6.html
2026-08-14,Delhi,102.12,102.12,0,https://www.goodreturns.in/petrol-price-in-delhi-s10.html
2026-08-14,Goa,108.97,108.3,0.67,https://www.goodreturns.in/petrol-price-in-goa-s7.html
2026-08-14,Gujarat,99.63,99.44,0.19,https://www.goodreturns.in/petrol-price-in-gujarat-s8.html
2026-08-14,Haryana,99.63,99.44,0.19,https://www.goodreturns.in/petrol-price-in-haryana-s9.html
2026-08-14,Himachal Pradesh,110.98,104,6.98,https://www.goodreturns.in/petrol-price-in-himachal-pradesh-s11.html
2026-08-14,Jammu & Kashmir,102.01,102.01,0,https://www.goodreturns.in/petrol-price-in-jammu-kashmir-s12.html
2026-08-14,Jharkhand,103.28,103.28,0,https://www.goodreturns.in/petrol-price-in-jharkhand-s13.html
2026-08-14,Karnataka,102.01,102.61,-0.6,https://www.goodreturns.in/petrol-price-in-karnataka-s14.html
2026-08-14,Kerala,104.34,108.27,-3.93,https://www.goodreturns.in/petrol-price-in-kerala-s15.html
2026-08-14,Madhya Pradesh,106.19,105.35,0.84,https://www.goodreturns.in/petrol-price-in-madhya-pradesh-s16.html
2026-08-14,Maharashtra,111.68,111.68,0,https://www.goodreturns.in/petrol-price-in-maharashtra-s17.html
2026-08-14,Manipur,114.8,113.88,0.92,https://www.goodreturns.in/petrol-price-in-manipur-s18.html
2026-08-14,Meghalaya,114.71,114.45,0.26,https://www.goodreturns.in/petrol-price-in-meghalaya-s19.html
2026-08-14,Mizoram,111.21,111.21,0,https://www.goodreturns.in/petrol-price-in-mizoram-s20.html
2026-08-14,Nagaland,106.87,107.17,-0.3,https://www.goodreturns.in/petrol-price-in-nagaland-s21.html
2026-08-14,Odisha,102.6,100.69,1.91,https://www.goodreturns.in/petrol-price-in-odisha-s22.html
2026-08-14,Punjab,106.79,106.55,0.24,https://www.goodreturns.in/petrol-price-in-punjab-s23.html
2026-08-14,Rajasthan,104.87,103.67,1.2,https://www.goodreturns.in/petrol-price-in-rajasthan-s24.html
2026-08-14,Sikkim,110.49,108.97,1.52,https://www.goodreturns.in/petrol-price-in-sikkim-s25.html
2026-08-14,Tamil Nadu,103.58,103.61,-0.03,https://www.goodreturns.in/petrol-price-in-tamil-nadu-s26.html
2026-08-14,Telangana,104.77,104.82,-0.05,https://www.goodreturns.in/petrol-price-in-telangana-s27.html
2026-08-14,Tripura,112.69,112.69,0,https://www.goodreturns.in/petrol-price-in-tripura-s28.html
2026-08-14,Uttar Pradesh,110.6,110.6,0,https://www.goodreturns.in/petrol-price-in-uttar-pradesh-s29.html
2026-08-14,Uttarakhand,107.77,107.78,-0.01,https://www.goodreturns.in/petrol-price-in-uttarakhand-s30.html
2026-08-14,West Bengal,115.43,115.69,-0.26,https://www.goodreturns.in/petrol-price-in-west-bengal-s31.html
2026-08-15,Andhra Pradesh,117.25,117.25,0,https://www.goodreturns.in/petrol-price-in-andhra-pradesh-s2.html
2026-08-15,Arunachal Pradesh,97.95,97.95,0,https://www.goodreturns.in/petrol-price-in-arunachal-pradesh-s3.html
2026-08-15,Assam,105.73,105.73,0,https://www.goodreturns.in/petrol-price-in-assam-s4.html
2026-08-15,Bihar,113.37,113.37,0,https://www.goodreturns.in/petrol-price-in-bihar-s5.html
2026-08-15,Chhattisgarh,101.54,102.01,-0.47,https://www.goodreturns.in/petrol-price-in-chhattisgarh-s6.html
2026-08-15,Delhi,102.12,102.12,0,https://www.goodreturns.in/petrol-price-in-delhi-s10.html
2026-08-15,Goa,108.3,108.97,-0.67,https://www.goodreturns.in/petrol-price-in-goa-s7.html
2026-08-15,Gujarat,99.63,99.63,0,https://www.goodreturns.in/petrol-price-in-gujarat-s8.html
2026-08-15,Haryana,99.63,99.63,0,https://www.goodreturns.in/petrol-price-in-haryana-s9.html
2026-08-15,Himachal Pradesh,110.98,110.98,0,https://www.goodreturns.in/petrol-price-in-himachal-pradesh-s11.html
2026-08-15,Jammu & Kashmir,101.81,102.01,-0.2,https://www.goodreturns.in/petrol-price-in-jammu-kashmir-s12.html
2026-08-15,Jharkhand,102.97,103.28,-0.31,https://www.goodreturns.in/petrol-price-in-jharkhand-s13.html
2026-08-15,Karnataka,101.84,102.01,-0.17,https://www.goodreturns.in/petrol-price-in-karnataka-s14.html
2026-08-15,Kerala,107.89,104.34,3.55,https://www.goodreturns.in/petrol-price-in-kerala-s15.html
2026-08-15,Madhya Pradesh,106.19,106.19,0,https://www.goodreturns.in/petrol-price-in-madhya-pradesh-s16.html
2026-08-15,Maharashtra,111.68,111.68,0,https://www.goodreturns.in/petrol-price-in-maharashtra-s17.html
2026-08-15,Manipur,114.8,114.8,0,https://www.goodreturns.in/petrol-price-in-manipur-s18.html
2026-08-15,Meghalaya,114.61,114.71,-0.1,https://www.goodreturns.in/petrol-price-in-meghalaya-s19.html
2026-08-15,Mizoram,112.78,111.21,1.57,https://www.goodreturns.in/petrol-price-in-mizoram-s20.html
2026-08-15,Nagaland,106.87,106.87,0,https://www.goodreturns.in/petrol-price-in-nagaland-s21.html
2026-08-15,Odisha,102.6,102.6,0,https://www.goodreturns.in/petrol-price-in-odisha-s22.html
2026-08-15,Punjab,106.55,106.79,-0.24,https://www.goodreturns.in/petrol-price-in-punjab-s23.html
2026-08-15,Rajasthan,104.87,104.87,0,https://www.goodreturns.in/petrol-price-in-rajasthan-s24.html
2026-08-15,Sikkim,110.49,110.49,0,https://www.goodreturns.in/petrol-price-in-sikkim-s25.html
2026-08-15,Tamil Nadu,103.58,103.58,0,https://www.goodreturns.in/petrol-price-in-tamil-nadu-s26.html
2026-08-15,Telangana,104.77,104.77,0,https://www.goodreturns.in/petrol-price-in-telangana-s27.html
2026-08-15,Tripura,112.69,112.69,0,https://www.goodreturns.in/petrol-price-in-tripura-s28.html
2026-08-15,Uttar Pradesh,110.6,110.6,0,https://www.goodreturns.in/petrol-price-in-uttar-pradesh-s29.html
2026-08-15,Uttarakhand,100.85,107.77,-6.92,https://www.goodreturns.in/petrol-price-in-uttarakhand-s30.html
2026-08-15,West Bengal,115.43,115.43,0,https://www.goodreturns.in/petrol-price-in-west-bengal-s31.html
2026-08-16,Andhra Pradesh,118.1,117.25,0.85,https://www.goodreturns.in/petrol-price-in-andhra-pradesh-s2.html
2026-08-16,Arunachal Pradesh,97.95,97.95,0,https://www.goodreturns.in/petrol-price-in-arunachal-pradesh-s3.html
2026-08-16,Assam,105.73,105.73,0,https://www.goodreturns.in/petrol-price-in-assam-s4.html
2026-08-16,Bihar,113.37,113.37,0,https://www.goodreturns.in/petrol-price-in-bihar-s5.html
2026-08-16,Chhattisgarh,101.54,101.54,0,https://www.goodreturns.in/petrol-price-in-chhattisgarh-s6.html
2026-08-16,Delhi,102.12,102.12,0,https://www.goodreturns.in/petrol-price-in-delhi-s10.html
2026-08-16,Goa,108.3,108.3,0,https://www.goodreturns.in/petrol-price-in-goa-s7.html
2026-08-16,Gujarat,99.44,99.63,-0.19,https://www.goodreturns.in/petrol-price-in-gujarat-s8.html
2026-08-16,Haryana,99.44,99.63,-0.19,https://www.goodreturns.in/petrol-price-in-haryana-s9.html
2026-08-16,Himachal Pradesh,103.92,110.98,-7.06,https://www.goodreturns.in/petrol-price-in-himachal-pradesh-s11.html
2026-08-16,Jammu & Kashmir,102.04,101.81,0.23,https://www.goodreturns.in/petrol-price-in-jammu-kashmir-s12.html
2026-08-16,Jharkhand,103.28,102.97,0.31,https://www.goodreturns.in/petrol-price-in-jharkhand-s13.html
2026-08-16,Karnataka,103.09,101.84,1.25,https://www.goodreturns.in/petrol-price-in-karnataka-s14.html
2026-08-16,Kerala,104.13,107.89,-3.76,https://www.goodreturns.in/petrol-price-in-kerala-s15.html
2026-08-16,Madhya Pradesh,106.19,106.19,0,https://www.goodreturns.in/petrol-price-in-madhya-pradesh-s16.html
2026-08-16,Maharashtra,111.68,111.68,0,https://www.goodreturns.in/petrol-price-in-maharashtra-s17.html
2026-08-16,Manipur,115.49,114.8,0.69,https://www.goodreturns.in/petrol-price-in-manipur-s18.html
2026-08-16,Meghalaya,114.54,114.61,-0.07,https://www.goodreturns.in/petrol-price-in-meghalaya-s19.html
2026-08-16,Mizoram,111.21,112.78,-1.57,https://www.goodreturns.in/petrol-price-in-mizoram-s20.html
2026-08-16,Nagaland,106.87,106.87,0,https://www.goodreturns.in/petrol-price-in-nagaland-s21.html
2026-08-16,Odisha,102.6,102.6,0,https://www.goodreturns.in/petrol-price-in-odisha-s22.html
2026-08-16,Punjab,106.55,106.55,0,https://www.goodreturns.in/petrol-price-in-punjab-s23.html
2026-08-16,Rajasthan,104.87,104.87,0,https://www.goodreturns.in/petrol-price-in-rajasthan-s24.html
2026-08-16,Sikkim,108.97,110.49,-1.52,https://www.goodreturns.in/petrol-price-in-sikkim-s25.html
2026-08-16,Tamil Nadu,103.58,103.58,0,https://www.goodreturns.in/petrol-price-in-tamil-nadu-s26.html
2026-08-16,Telangana,105.56,104.77,0.79,https://www.goodreturns.in/petrol-price-in-telangana-s27.html
2026-08-16,Tripura,112.66,112.69,-0.03,https://www.goodreturns.in/petrol-price-in-tripura-s28.html
2026-08-16,Uttar Pradesh,110.6,110.6,0,https://www.goodreturns.in/petrol-price-in-uttar-pradesh-s29.html
2026-08-16,Uttarakhand,107.76,100.85,6.91,https://www.goodreturns.in/petrol-price-in-uttarakhand-s30.html
2026-08-16,West Bengal,115.69,115.43,0.26,https://www.goodreturns.in/petrol-price-in-west-bengal-s31.html
2026-08-17,Andhra Pradesh,117.51,118.1,-0.59,https://www.goodreturns.in/petrol-price-in-andhra-pradesh-s2.html
2026-08-17,Arunachal Pradesh,97.95,97.95,0,https://www.goodreturns.in/petrol-price-in-arunachal-pradesh-s3.html
2026-08-17,Assam,105.73,105.73,0,https://www.goodreturns.in/petrol-price-in-assam-s4.html
2026-08-17,Bihar,113.37,113.37,0,https://www.goodreturns.in/petrol-price-in-bihar-s5.html
2026-08-17,Chhattisgarh,101.54,101.54,0,https://www.goodreturns.in/petrol-price-in-chhattisgarh-s6.html
2026-08-17,Delhi,96.72,102.12,-5.4,https://www.goodreturns.in/petrol-price-in-delhi-s10.html
2026-08-17,Goa,109.69,108.3,1.39,https://www.goodreturns.in/petrol-price-in-goa-s7.html
2026-08-17,Gujarat,99.44,99.44,0,https://www.goodreturns.in/petrol-price-in-gujarat-s8.html
2026-08-17,Haryana,99.44,99.44,0,https://www.goodreturns.in/petrol-price-in-haryana-s9.html
2026-08-17,Himachal Pradesh,103.92,103.92,0,https://www.goodreturns.in/petrol-price-in-himachal-pradesh-s11.html
2026-08-17,Jammu & Kashmir,101.99,102.04,-0.05,https://www.goodreturns.in/petrol-price-in-jammu-kashmir-s12.html
2026-08-17,Jharkhand,103.28,103.28,0,https://www.goodreturns.in/petrol-price-in-jharkhand-s13.html
2026-08-17,Karnataka,103.09,103.09,0,https://www.goodreturns.in/petrol-price-in-karnataka-s14.html
2026-08-17,Kerala,104.13,104.13,0,https://www.goodreturns.in/petrol-price-in-kerala-s15.html
2026-08-17,Madhya Pradesh,106.19,106.19,0,https://www.goodreturns.in/petrol-price-in-madhya-pradesh-s16.html
2026-08-17,Maharashtra,102.86,111.68,-8.82,https://www.goodreturns.in/petrol-price-in-maharashtra-s17.html
2026-08-17,Manipur,115.49,115.49,0,https://www.goodreturns.in/petrol-price-in-manipur-s18.html
2026-08-17,Meghalaya,114.54,114.54,0,https://www.goodreturns.in/petrol-price-in-meghalaya-s19.html
2026-08-17,Mizoram,111.21,111.21,0,https://www.goodreturns.in/petrol-price-in-mizoram-s20.html
2026-08-17,Nagaland,106.87,106.87,0,https://www.goodreturns.in/petrol-price-in-nagaland-s21.html
2026-08-17,Odisha,102.6,102.6,0,https://www.goodreturns.in/petrol-price-in-odisha-s22.html
2026-08-17,Punjab,106.55,106.55,0,https://www.goodreturns.in/petrol-price-in-punjab-s23.html
2026-08-17,Rajasthan,104.87,104.87,0,https://www.goodreturns.in/petrol-price-in-rajasthan-s24.html
2026-08-17,Sikkim,110.31,108.97,1.34,https://www.goodreturns.in/petrol-price-in-sikkim-s25.html
2026-08-17,Tamil Nadu,103.58,103.58,0,https://www.goodreturns.in/petrol-price-in-tamil-nadu-s26.html
2026-08-17,Telangana,105.56,105.56,0,https://www.goodreturns.in/petrol-price-in-telangana-s27.html
2026-08-17,Tripura,114,112.66,1.34,https://www.goodreturns.in/petrol-price-in-tripura-s28.html
2026-08-17,Uttar Pradesh,110.6,110.6,0,https://www.goodreturns.in/petrol-price-in-uttar-pradesh-s29.html
2026-08-17,Uttarakhand,100.85,107.76,-6.91,https://www.goodreturns.in/petrol-price-in-uttarakhand-s30.html
2026-08-17,West Bengal,115.69,115.69,0,https://www.goodreturns.in/petrol-price-in-west-bengal-s31.html
2026-08-18,Andhra Pradesh,118.1,117.51,0.59,https://www.goodreturns.in/petrol-price-in-andhra-pradesh-s2.html
2026-08-18,Arunachal Pradesh,97.7,97.95,-0.25,https://www.goodreturns.in/petrol-price-in-arunachal-pradesh-s3.html
2026-08-18,Assam,105.73,105.73,0,https://www.goodreturns.in/petrol-price-in-assam-s4.html
2026-08-18,Bihar,113.37,113.37,0,https://www.goodreturns.in/petrol-price-in-bihar-s5.html
2026-08-18,Chhattisgarh,101.54,101.54,0,https://www.goodreturns.in/petrol-price-in-chhattisgarh-s6.html
2026-08-18,Delhi,102.12,96.72,5.4,https://www.goodreturns.in/petrol-price-in-delhi-s10.html
2026-08-18,Goa,108.06,109.69,-1.63,https://www.goodreturns.in/petrol-price-in-goa-s7.html
2026-08-18,Gujarat,102.49,99.44,3.05,https://www.goodreturns.in/petrol-price-in-gujarat-s8.html
2026-08-18,Haryana,102.49,99.44,3.05,https://www.goodreturns.in/petrol-price-in-haryana-s9.html
2026-08-18,Himachal Pradesh,103.92,103.92,0,https://www.goodreturns.in/petrol-price-in-himachal-pradesh-s11.html
2026-08-18,Jammu & Kashmir,101.79,101.99,-0.2,https://www.goodreturns.in/petrol-price-in-jammu-kashmir-s12.html
2026-08-18,Jharkhand,102.97,103.28,-0.31,https://www.goodreturns.in/petrol-price-in-jharkhand-s13.html
2026-08-18,Karnataka,102.61,103.09,-0.48,https://www.goodreturns.in/petrol-price-in-karnataka-s14.html
2026-08-18,Kerala,105.29,104.13,1.16,https://www.goodreturns.in/petrol-price-in-kerala-s15.html
2026-08-18,Madhya Pradesh,105.62,106.19,-0.57,https://www.goodreturns.in/petrol-price-in-madhya-pradesh-s16.html
2026-08-18,Maharashtra,111.68,102.86,8.82,https://www.goodreturns.in/petrol-price-in-maharashtra-s17.html
2026-08-18,Manipur,115.49,115.49,0,https://www.goodreturns.in/petrol-price-in-manipur-s18.html
2026-08-18,Meghalaya,114.54,114.54,0,https://www.goodreturns.in/petrol-price-in-meghalaya-s19.html
2026-08-18,Mizoram,111.21,111.21,0,https://www.goodreturns.in/petrol-price-in-mizoram-s20.html
2026-08-18,Nagaland,106.87,106.87,0,https://www.goodreturns.in/petrol-price-in-nagaland-s21.html
2026-08-18,Odisha,102.6,102.6,0,https://www.goodreturns.in/petrol-price-in-odisha-s22.html
2026-08-18,Punjab,106.55,106.55,0,https://www.goodreturns.in/petrol-price-in-punjab-s23.html
2026-08-18,Rajasthan,104.87,104.87,0,https://www.goodreturns.in/petrol-price-in-rajasthan-s24.html
2026-08-18,Sikkim,108.97,110.31,-1.34,https://www.goodreturns.in/petrol-price-in-sikkim-s25.html
2026-08-18,Tamil Nadu,103.58,103.58,0,https://www.goodreturns.in/petrol-price-in-tamil-nadu-s26.html
2026-08-18,Telangana,105.56,105.56,0,https://www.goodreturns.in/petrol-price-in-telangana-s27.html
2026-08-18,Tripura,113.19,114,-0.81,https://www.goodreturns.in/petrol-price-in-tripura-s28.html
2026-08-18,Uttar Pradesh,110.6,110.6,0,https://www.goodreturns.in/petrol-price-in-uttar-pradesh-s29.html
2026-08-18,Uttarakhand,107.76,100.85,6.91,https://www.goodreturns.in/petrol-price-in-uttarakhand-s30.html
2026-08-18,West Bengal,115.69,115.69,0,https://www.goodreturns.in/petrol-price-in-west-bengal-s31.html
2026-08-19,Andhra Pradesh,117.61,118.1,-0.49,https://www.goodreturns.in/petrol-price-in-andhra-pradesh-s2.html
2026-08-19,Arunachal Pradesh,99.66,97.7,1.96,https://www.goodreturns.in/petrol-price-in-arunachal-pradesh-s3.html
2026-08-19,Assam,106.59,105.73,0.86,https://www.goodreturns.in/petrol-price-in-assam-s4.html
2026-08-19,Bihar,114.79,113.37,1.42,https://www.goodreturns.in/petrol-price-in-bihar-s5.html
2026-08-19,Chhattisgarh,101.54,101.54,0,https://www.goodreturns.in/petrol-price-in-chhattisgarh-s6.html
2026-08-19,Delhi,102.12,102.12,0,https://www.goodreturns.in/petrol-price-in-delhi-s10.html
2026-08-19,Goa,108.08,108.06,0.02,https://www.goodreturns.in/petrol-price-in-goa-s7.html
2026-08-19,Gujarat,99.63,102.49,-2.86,https://www.goodreturns.in/petrol-price-in-gujarat-s8.html
2026-08-19,Haryana,99.63,102.49,-2.86,https://www.goodreturns.in/petrol-price-in-haryana-s9.html
2026-08-19,Himachal Pradesh,104.06,103.92,0.14,https://www.goodreturns.in/petrol-price-in-himachal-pradesh-s11.html
2026-08-19,Jammu & Kashmir,102.15,101.79,0.36,https://www.goodreturns.in/petrol-price-in-jammu-kashmir-s12.html
2026-08-19,Jharkhand,103.28,102.97,0.31,https://www.goodreturns.in/petrol-price-in-jharkhand-s13.html
2026-08-19,Karnataka,103.25,102.61,0.64,https://www.goodreturns.in/petrol-price-in-karnataka-s14.html
2026-08-19,Kerala,104.13,105.29,-1.16,https://www.goodreturns.in/petrol-price-in-kerala-s15.html
2026-08-19,Madhya Pradesh,104.99,105.62,-0.63,https://www.goodreturns.in/petrol-price-in-madhya-pradesh-s16.html
2026-08-19,Maharashtra,110.1,111.68,-1.58,https://www.goodreturns.in/petrol-price-in-maharashtra-s17.html
2026-08-19,Manipur,113.79,115.49,-1.7,https://www.goodreturns.in/petrol-price-in-manipur-s18.html
2026-08-19,Meghalaya,114.37,114.54,-0.17,https://www.goodreturns.in/petrol-price-in-meghalaya-s19.html
2026-08-19,Mizoram,112.4,111.21,1.19,https://www.goodreturns.in/petrol-price-in-mizoram-s20.html
2026-08-19,Nagaland,106.87,106.87,0,https://www.goodreturns.in/petrol-price-in-nagaland-s21.html
2026-08-19,Odisha,100.6,102.6,-2,https://www.goodreturns.in/petrol-price-in-odisha-s22.html
2026-08-19,Punjab,106.55,106.55,0,https://www.goodreturns.in/petrol-price-in-punjab-s23.html
2026-08-19,Rajasthan,105.83,104.87,0.96,https://www.goodreturns.in/petrol-price-in-rajasthan-s24.html
2026-08-19,Sikkim,110.5,108.97,1.53,https://www.goodreturns.in/petrol-price-in-sikkim-s25.html
2026-08-19,Tamil Nadu,103.58,103.58,0,https://www.goodreturns.in/petrol-price-in-tamil-nadu-s26.html
2026-08-19,Telangana,105.72,105.56,0.16,https://www.goodreturns.in/petrol-price-in-telangana-s27.html
2026-08-19,Tripura,113.66,113.19,0.47,https://www.goodreturns.in/petrol-price-in-tripura-s28.html
2026-08-19,Uttar Pradesh,102.12,110.6,-8.48,https://www.goodreturns.in/petrol-price-in-uttar-pradesh-s29.html
2026-08-19,Uttarakhand,108.67,107.76,0.91,https://www.goodreturns.in/petrol-price-in-uttarakhand-s30.html
2026-08-19,West Bengal,116.85,115.69,1.16,https://www.goodreturns.in/petrol-price-in-west-bengal-s31.html
2026-08-20,Andhra Pradesh,117.61,117.61,0,https://www.goodreturns.in/petrol-price-in-andhra-pradesh-s2.html
2026-08-20,Arunachal Pradesh,98.9,99.66,-0.76,https://www.goodreturns.in/petrol-price-in-arunachal-pradesh-s3.html
2026-08-20,Assam,106.56,106.59,-0.03,https://www.goodreturns.in/petrol-price-in-assam-s4.html
2026-08-20,Bihar,113.37,114.79,-1.42,https://www.goodreturns.in/petrol-price-in-bihar-s5.html
2026-08-20,Chhattisgarh,101.54,101.54,0,https://www.goodreturns.in/petrol-price-in-chhattisgarh-s6.html
2026-08-20,Delhi,102.12,102.12,0,https://www.goodreturns.in/petrol-price-in-delhi-s10.html
2026-08-20,Goa,108.08,108.08,0,https://www.goodreturns.in/petrol-price-in-goa-s7.html
2026-08-20,Gujarat,99.63,99.63,0,https://www.goodreturns.in/petrol-price-in-gujarat-s8.html
2026-08-20,Haryana,99.63,99.63,0,https://www.goodreturns.in/petrol-price-in-haryana-s9.html
2026-08-20,Himachal Pradesh,103.92,104.06,-0.14,https://www.goodreturns.in/petrol-price-in-himachal-pradesh-s11.html
2026-08-20,Jammu & Kashmir,102.01,102.15,-0.14,https://www.goodreturns.in/petrol-price-in-jammu-kashmir-s12.html
2026-08-20,Jharkhand,103.28,103.28,0,https://www.goodreturns.in/petrol-price-in-jharkhand-s13.html
2026-08-20,Karnataka,103.09,103.25,-0.16,https://www.goodreturns.in/petrol-price-in-karnataka-s14.html
2026-08-20,Kerala,104.13,104.13,0,https://www.goodreturns.in/petrol-price-in-kerala-s15.html
2026-08-20,Madhya Pradesh,106.74,104.99,1.75,https://www.goodreturns.in/petrol-price-in-madhya-pradesh-s16.html
2026-08-20,Maharashtra,110.93,110.1,0.83,https://www.goodreturns.in/petrol-price-in-maharashtra-s17.html
2026-08-20,Manipur,113.5,113.79,-0.29,https://www.goodreturns.in/petrol-price-in-manipur-s18.html
2026-08-20,Meghalaya,114.54,114.37,0.17,https://www.goodreturns.in/petrol-price-in-meghalaya-s19.html
2026-08-20,Mizoram,111.21,112.4,-1.19,https://www.goodreturns.in/petrol-price-in-mizoram-s20.html
2026-08-20,Nagaland,106.59,106.87,-0.28,https://www.goodreturns.in/petrol-price-in-nagaland-s21.html
2026-08-20,Odisha,102.6,100.6,2,https://www.goodreturns.in/petrol-price-in-odisha-s22.html
2026-08-20,Punjab,106.59,106.55,0.04,https://www.goodreturns.in/petrol-price-in-punjab-s23.html
2026-08-20,Rajasthan,103.67,105.83,-2.16,https://www.goodreturns.in/petrol-price-in-rajasthan-s24.html
2026-08-20,Sikkim,108.85,110.5,-1.65,https://www.goodreturns.in/petrol-price-in-sikkim-s25.html
2026-08-20,Tamil Nadu,103.61,103.58,0.03,https://www.goodreturns.in/petrol-price-in-tamil-nadu-s26.html
2026-08-20,Telangana,105.56,105.72,-0.16,https://www.goodreturns.in/petrol-price-in-telangana-s27.html
2026-08-20,Tripura,112.31,113.66,-1.35,https://www.goodreturns.in/petrol-price-in-tripura-s28.html
2026-08-20,Uttar Pradesh,110.6,102.12,8.48,https://www.goodreturns.in/petrol-price-in-uttar-pradesh-s29.html
2026-08-20,Uttarakhand,107.77,108.67,-0.9,https://www.goodreturns.in/petrol-price-in-uttarakhand-s30.html
2026-08-20,West Bengal,115.73,116.85,-1.12,https://www.goodreturns.in/petrol-price-in-west-bengal-s31.html
2026-08-21,Andhra Pradesh,116.62,117.61,-0.99,https://www.goodreturns.in/petrol-price-in-andhra-pradesh-s2.html
2026-08-21,Arunachal Pradesh,99.69,98.9,0.79,https://www.goodreturns.in/petrol-price-in-arunachal-pradesh-s3.html
2026-08-21,Assam,106.33,106.56,-0.23,https://www.goodreturns.in/petrol-price-in-assam-s4.html
2026-08-21,Bihar,113.35,113.37,-0.02,https://www.goodreturns.in/petrol-price-in-bihar-s5.html
2026-08-21,Chhattisgarh,101.54,101.54,0,https://www.goodreturns.in/petrol-price-in-chhattisgarh-s6.html
2026-08-21,Delhi,102.12,102.12,0,https://www.goodreturns.in/petrol-price-in-delhi-s10.html
2026-08-21,Goa,108.4,108.08,0.32,https://www.goodreturns.in/petrol-price-in-goa-s7.html
2026-08-21,Gujarat,99.5,99.63,-0.13,https://www.goodreturns.in/petrol-price-in-gujarat-s8.html
2026-08-21,Haryana,99.5,99.63,-0.13,https://www.goodreturns.in/petrol-price-in-haryana-s9.html
2026-08-21,Himachal Pradesh,103.92,103.92,0,https://www.goodreturns.in/petrol-price-in-himachal-pradesh-s11.html
2026-08-21,Jammu & Kashmir,102.01,102.01,0,https://www.goodreturns.in/petrol-price-in-jammu-kashmir-s12.html
2026-08-21,Jharkhand,103.32,103.28,0.04,https://www.goodreturns.in/petrol-price-in-jharkhand-s13.html
2026-08-21,Karnataka,103.25,103.09,0.16,https://www.goodreturns.in/petrol-price-in-karnataka-s14.html
2026-08-21,Kerala,104.1,104.13,-0.03,https://www.goodreturns.in/petrol-price-in-kerala-s15.html
2026-08-21,Madhya Pradesh,106.32,106.74,-0.42,https://www.goodreturns.in/petrol-price-in-madhya-pradesh-s16.html
2026-08-21,Maharashtra,110.93,110.93,0,https://www.goodreturns.in/petrol-price-in-maharashtra-s17.html
2026-08-21,Manipur,115.49,113.5,1.99,https://www.goodreturns.in/petrol-price-in-manipur-s18.html
2026-08-21,Meghalaya,114.48,114.54,-0.06,https://www.goodreturns.in/petrol-price-in-meghalaya-s19.html
2026-08-21,Mizoram,111.21,111.21,0,https://www.goodreturns.in/petrol-price-in-mizoram-s20.html
2026-08-21,Nagaland,106.91,106.59,0.32,https://www.goodreturns.in/petrol-price-in-nagaland-s21.html
2026-08-21,Odisha,102.21,102.6,-0.39,https://www.goodreturns.in/petrol-price-in-odisha-s22.html
2026-08-21,Punjab,106.51,106.59,-0.08,https://www.goodreturns.in/petrol-price-in-punjab-s23.html
2026-08-21,Rajasthan,103.67,103.67,0,https://www.goodreturns.in/petrol-price-in-rajasthan-s24.html
2026-08-21,Sikkim,108.97,108.85,0.12,https://www.goodreturns.in/petrol-price-in-sikkim-s25.html
2026-08-21,Tamil Nadu,103.61,103.61,0,https://www.goodreturns.in/petrol-price-in-tamil-nadu-s26.html
2026-08-21,Telangana,104.74,105.56,-0.82,https://www.goodreturns.in/petrol-price-in-telangana-s27.html
2026-08-21,Tripura,112.31,112.31,0,https://www.goodreturns.in/petrol-price-in-tripura-s28.html
2026-08-21,Uttar Pradesh,102.12,110.6,-8.48,https://www.goodreturns.in/petrol-price-in-uttar-pradesh-s29.html
2026-08-21,Uttarakhand,107.76,107.77,-0.01,https://www.goodreturns.in/petrol-price-in-uttarakhand-s30.html
2026-08-21,West Bengal,115.69,115.73,-0.04,https://www.goodreturns.in/petrol-price-in-west-bengal-s31.html
2026-08-22,Andhra Pradesh,118.1,116.62,1.48,https://www.goodreturns.in/petrol-price-in-andhra-pradesh-s2.html
2026-08-22,Arunachal Pradesh,97.95,99.69,-1.74,https://www.goodreturns.in/petrol-price-in-arunachal-pradesh-s3.html
2026-08-22,Assam,105.73,106.33,-0.6,https://www.goodreturns.in/petrol-price-in-assam-s4.html
2026-08-22,Bihar,113.37,113.35,0.02,https://www.goodreturns.in/petrol-price-in-bihar-s5.html
2026-08-22,Chhattisgarh,101.54,101.54,0,https://www.goodreturns.in/petrol-price-in-chhattisgarh-s6.html
2026-08-22,Delhi,102.12,102.12,0,https://www.goodreturns.in/petrol-price-in-delhi-s10.html
2026-08-22,Goa,108.06,108.4,-0.34,https://www.goodreturns.in/petrol-price-in-goa-s7.html
2026-08-22,Gujarat,99.44,99.5,-0.06,https://www.goodreturns.in/petrol-price-in-gujarat-s8.html
2026-08-22,Haryana,99.44,99.5,-0.06,https://www.goodreturns.in/petrol-price-in-haryana-s9.html
2026-08-22,Himachal Pradesh,104,103.92,0.08,https://www.goodreturns.in/petrol-price-in-himachal-pradesh-s11.html
2026-08-22,Jammu & Kashmir,102.04,102.01,0.03,https://www.goodreturns.in/petrol-price-in-jammu-kashmir-s12.html
2026-08-22,Jharkhand,103.28,103.32,-0.04,https://www.goodreturns.in/petrol-price-in-jharkhand-s13.html
2026-08-22,Karnataka,103.09,103.25,-0.16,https://www.goodreturns.in/petrol-price-in-karnataka-s14.html
2026-08-22,Kerala,104.13,104.1,0.03,https://www.goodreturns.in/petrol-price-in-kerala-s15.html
2026-08-22,Madhya Pradesh,106.19,106.32,-0.13,https://www.goodreturns.in/petrol-price-in-madhya-pradesh-s16.html
2026-08-22,Maharashtra,111.68,110.93,0.75,https://www.goodreturns.in/petrol-price-in-maharashtra-s17.html
2026-08-22,Manipur,115.49,115.49,0,https://www.goodreturns.in/petrol-price-in-manipur-s18.html
2026-08-22,Meghalaya,114.54,114.48,0.06,https://www.goodreturns.in/petrol-price-in-meghalaya-s19.html
2026-08-22,Mizoram,111.21,111.21,0,https://www.goodreturns.in/petrol-price-in-mizoram-s20.html
2026-08-22,Nagaland,106.87,106.91,-0.04,https://www.goodreturns.in/petrol-price-in-nagaland-s21.html
2026-08-22,Odisha,102.6,102.21,0.39,https://www.goodreturns.in/petrol-price-in-odisha-s22.html
2026-08-22,Punjab,106.55,106.51,0.04,https://www.goodreturns.in/petrol-price-in-punjab-s23.html
2026-08-22,Rajasthan,104.87,103.67,1.2,https://www.goodreturns.in/petrol-price-in-rajasthan-s24.html
2026-08-22,Sikkim,108.97,108.97,0,https://www.goodreturns.in/petrol-price-in-sikkim-s25.html
2026-08-22,Tamil Nadu,103.58,103.61,-0.03,https://www.goodreturns.in/petrol-price-in-tamil-nadu-s26.html
2026-08-22,Telangana,105.56,104.74,0.82,https://www.goodreturns.in/petrol-price-in-telangana-s27.html
2026-08-22,Tripura,113.19,112.31,0.88,https://www.goodreturns.in/petrol-price-in-tripura-s28.html
2026-08-22,Uttar Pradesh,110.6,102.12,8.48,https://www.goodreturns.in/petrol-price-in-uttar-pradesh-s29.html
2026-08-22,Uttarakhand,107.76,107.76,0,https://www.goodreturns.in/petrol-price-in-uttarakhand-s30.html
2026-08-22,West Bengal,115.69,115.69,0,https://www.goodreturns.in/petrol-price-in-west-bengal-s31.html
2026-08-23,Andhra Pradesh,118.1,118.1,0,https://www.goodreturns.in/petrol-price-in-andhra-pradesh-s2.html
2026-08-23,Arunachal Pradesh,97.95,97.95,0,https://www.goodreturns.in/petrol-price-in-arunachal-pradesh-s3.html
2026-08-23,Assam,106.16,105.73,0.43,https://www.goodreturns.in/petrol-price-in-assam-s4.html
2026-08-23,Bihar,113.37,113.37,0,https://www.goodreturns.in/petrol-price-in-bihar-s5.html
2026-08-23,Chhattisgarh,101.54,101.54,0,https://www.goodreturns.in/petrol-price-in-chhattisgarh-s6.html
2026-08-23,Delhi,102.12,102.12,0,https://www.goodreturns.in/petrol-price-in-delhi-s10.html
2026-08-23,Goa,108.09,108.06,0.03,https://www.goodreturns.in/petrol-price-in-goa-s7.html
2026-08-23,Gujarat,99.44,99.44,0,https://www.goodreturns.in/petrol-price-in-gujarat-s8.html
2026-08-23,Haryana,99.44,99.44,0,https://www.goodreturns.in/petrol-price-in-haryana-s9.html
2026-08-23,Himachal Pradesh,104.03,104,0.03,https://www.goodreturns.in/petrol-price-in-himachal-pradesh-s11.html
2026-08-23,Jammu & Kashmir,102.04,102.04,0,https://www.goodreturns.in/petrol-price-in-jammu-kashmir-s12.html
2026-08-23,Jharkhand,103.28,103.28,0,https://www.goodreturns.in/petrol-price-in-jharkhand-s13.html
2026-08-23,Karnataka,102.39,103.09,-0.7,https://www.goodreturns.in/petrol-price-in-karnataka-s14.html
2026-08-23,Kerala,104.13,104.13,0,https://www.goodreturns.in/petrol-price-in-kerala-s15.html
2026-08-23,Madhya Pradesh,106.19,106.19,0,https://www.goodreturns.in/petrol-price-in-madhya-pradesh-s16.html
2026-08-23,Maharashtra,110.82,111.68,-0.86,https://www.goodreturns.in/petrol-price-in-maharashtra-s17.html
2026-08-23,Manipur,115.49,115.49,0,https://www.goodreturns.in/petrol-price-in-manipur-s18.html
2026-08-23,Meghalaya,114.54,114.54,0,https://www.goodreturns.in/petrol-price-in-meghalaya-s19.html
2026-08-23,Mizoram,111.31,111.21,0.1,https://www.goodreturns.in/petrol-price-in-mizoram-s20.html
2026-08-23,Nagaland,106.82,106.87,-0.05,https://www.goodreturns.in/petrol-price-in-nagaland-s21.html
2026-08-23,Odisha,102.6,102.6,0,https://www.goodreturns.in/petrol-price-in-odisha-s22.html
2026-08-23,Punjab,106.55,106.55,0,https://www.goodreturns.in/petrol-price-in-punjab-s23.html
2026-08-23,Rajasthan,104.96,104.87,0.09,https://www.goodreturns.in/petrol-price-in-rajasthan-s24.html
2026-08-23,Sikkim,108.93,108.97,-0.04,https://www.goodreturns.in/petrol-price-in-sikkim-s25.html
2026-08-23,Tamil Nadu,103.58,103.58,0,https://www.goodreturns.in/petrol-price-in-tamil-nadu-s26.html
2026-08-23,Telangana,105.56,105.56,0,https://www.goodreturns.in/petrol-price-in-telangana-s27.html
2026-08-23,Tripura,112.66,113.19,-0.53,https://www.goodreturns.in/petrol-price-in-tripura-s28.html
2026-08-23,Uttar Pradesh,110.6,110.6,0,https://www.goodreturns.in/petrol-price-in-uttar-pradesh-s29.html
2026-08-23,Uttarakhand,107.78,107.76,0.02,https://www.goodreturns.in/petrol-price-in-uttarakhand-s30.html
2026-08-23,West Bengal,115.69,115.69,0,https://www.goodreturns.in/petrol-price-in-west-bengal-s31.html
2026-08-24,Andhra Pradesh,117.61,118.1,-0.49,https://www.goodreturns.in/petrol-price-in-andhra-pradesh-s2.html
2026-08-24,Arunachal Pradesh,97.95,97.95,0,https://www.goodreturns.in/petrol-price-in-arunachal-pradesh-s3.html
2026-08-24,Assam,105.73,106.16,-0.43,https://www.goodreturns.in/petrol-price-in-assam-s4.html
2026-08-24,Bihar,114.79,113.37,1.42,https://www.goodreturns.in/petrol-price-in-bihar-s5.html
2026-08-24,Chhattisgarh,101.54,101.54,0,https://www.goodreturns.in/petrol-price-in-chhattisgarh-s6.html
2026-08-24,Delhi,102.12,102.12,0,https://www.goodreturns.in/petrol-price-in-delhi-s10.html
2026-08-24,Goa,108.9,108.09,0.81,https://www.goodreturns.in/petrol-price-in-goa-s7.html
2026-08-24,Gujarat,99.5,99.44,0.06,https://www.goodreturns.in/petrol-price-in-gujarat-s8.html
2026-08-24,Haryana,99.5,99.44,0.06,https://www.goodreturns.in/petrol-price-in-haryana-s9.html
2026-08-24,Himachal Pradesh,104.03,104.03,0,https://www.goodreturns.in/petrol-price-in-himachal-pradesh-s11.html
2026-08-24,Jammu & Kashmir,102.49,102.04,0.45,https://www.goodreturns.in/petrol-price-in-jammu-kashmir-s12.html
2026-08-24,Jharkhand,103.28,103.28,0,https://www.goodreturns.in/petrol-price-in-jharkhand-s13.html
2026-08-24,Karnataka,103.13,102.39,0.74,https://www.goodreturns.in/petrol-price-in-karnataka-s14.html
2026-08-24,Kerala,104.13,104.13,0,https://www.goodreturns.in/petrol-price-in-kerala-s15.html
2026-08-24,Madhya Pradesh,106.74,106.19,0.55,https://www.goodreturns.in/petrol-price-in-madhya-pradesh-s16.html
2026-08-24,Maharashtra,111.68,110.82,0.86,https://www.goodreturns.in/petrol-price-in-maharashtra-s17.html
2026-08-24,Manipur,113.5,115.49,-1.99,https://www.goodreturns.in/petrol-price-in-manipur-s18.html
2026-08-24,Meghalaya,114.91,114.54,0.37,https://www.goodreturns.in/petrol-price-in-meghalaya-s19.html
2026-08-24,Mizoram,111.21,111.31,-0.1,https://www.goodreturns.in/petrol-price-in-mizoram-s20.html
2026-08-24,Nagaland,108.3,106.82,1.48,https://www.goodreturns.in/petrol-price-in-nagaland-s21.html
2026-08-24,Odisha,102.6,102.6,0,https://www.goodreturns.in/petrol-price-in-odisha-s22.html
2026-08-24,Punjab,106.55,106.55,0,https://www.goodreturns.in/petrol-price-in-punjab-s23.html
2026-08-24,Rajasthan,103.67,104.96,-1.29,https://www.goodreturns.in/petrol-price-in-rajasthan-s24.html
2026-08-24,Sikkim,110.57,108.93,1.64,https://www.goodreturns.in/petrol-price-in-sikkim-s25.html
2026-08-24,Tamil Nadu,103.72,103.58,0.14,https://www.goodreturns.in/petrol-price-in-tamil-nadu-s26.html
2026-08-24,Telangana,105.3,105.56,-0.26,https://www.goodreturns.in/petrol-price-in-telangana-s27.html
2026-08-24,Tripura,112.69,112.66,0.03,https://www.goodreturns.in/petrol-price-in-tripura-s28.html
2026-08-24,Uttar Pradesh,102.12,110.6,-8.48,https://www.goodreturns.in/petrol-price-in-uttar-pradesh-s29.html
2026-08-24,Uttarakhand,107.76,107.78,-0.02,https://www.goodreturns.in/petrol-price-in-uttarakhand-s30.html
2026-08-24,West Bengal,115.69,115.69,0,https://www.goodreturns.in/petrol-price-in-west-bengal-s31.html
2026-08-25,Andhra Pradesh,118.1,117.61,0.49,https://www.goodreturns.in/petrol-price-in-andhra-pradesh-s2.html
2026-08-25,Arunachal Pradesh,97.95,97.95,0,https://www.goodreturns.in/petrol-price-in-arunachal-pradesh-s3.html
2026-08-25,Assam,105.73,105.73,0,https://www.goodreturns.in/petrol-price-in-assam-s4.html
2026-08-25,Bihar,113.37,114.79,-1.42,https://www.goodreturns.in/petrol-price-in-bihar-s5.html
2026-08-25,Chhattisgarh,101.54,101.54,0,https://www.goodreturns.in/petrol-price-in-chhattisgarh-s6.html
2026-08-25,Delhi,102.12,102.12,0,https://www.goodreturns.in/petrol-price-in-delhi-s10.html
2026-08-25,Goa,108.3,108.9,-0.6,https://www.goodreturns.in/petrol-price-in-goa-s7.html
2026-08-25,Gujarat,99.44,99.5,-0.06,https://www.goodreturns.in/petrol-price-in-gujarat-s8.html
2026-08-25,Haryana,99.44,99.5,-0.06,https://www.goodreturns.in/petrol-price-in-haryana-s9.html
2026-08-25,Himachal Pradesh,104,104.03,-0.03,https://www.goodreturns.in/petrol-price-in-himachal-pradesh-s11.html
2026-08-25,Jammu & Kashmir,102.04,102.49,-0.45,https://www.goodreturns.in/petrol-price-in-jammu-kashmir-s12.html
2026-08-25,Jharkhand,103.28,103.28,0,https://www.goodreturns.in/petrol-price-in-jharkhand-s13.html
2026-08-25,Karnataka,103.09,103.13,-0.04,https://www.goodreturns.in/petrol-price-in-karnataka-s14.html
2026-08-25,Kerala,104.13,104.13,0,https://www.goodreturns.in/petrol-price-in-kerala-s15.html
2026-08-25,Madhya Pradesh,106.19,106.74,-0.55,https://www.goodreturns.in/petrol-price-in-madhya-pradesh-s16.html
2026-08-25,Maharashtra,111.68,111.68,0,https://www.goodreturns.in/petrol-price-in-maharashtra-s17.html
2026-08-25,Manipur,115.49,113.5,1.99,https://www.goodreturns.in/petrol-price-in-manipur-s18.html
2026-08-25,Meghalaya,114.54,114.91,-0.37,https://www.goodreturns.in/petrol-price-in-meghalaya-s19.html
2026-08-25,Mizoram,111.21,111.21,0,https://www.goodreturns.in/petrol-price-in-mizoram-s20.html
2026-08-25,Nagaland,106.87,108.3,-1.43,https://www.goodreturns.in/petrol-price-in-nagaland-s21.html
2026-08-25,Odisha,102.6,102.6,0,https://www.goodreturns.in/petrol-price-in-odisha-s22.html
2026-08-25,Punjab,106.55,106.55,0,https://www.goodreturns.in/petrol-price-in-punjab-s23.html
2026-08-25,Rajasthan,104.87,103.67,1.2,https://www.goodreturns.in/petrol-price-in-rajasthan-s24.html
2026-08-25,Sikkim,108.97,110.57,-1.6,https://www.goodreturns.in/petrol-price-in-sikkim-s25.html
2026-08-25,Tamil Nadu,103.58,103.72,-0.14,https://www.goodreturns.in/petrol-price-in-tamil-nadu-s26.html
2026-08-25,Telangana,105.56,105.3,0.26,https://www.goodreturns.in/petrol-price-in-telangana-s27.html
2026-08-25,Tripura,113.19,112.69,0.5,https://www.goodreturns.in/petrol-price-in-tripura-s28.html
2026-08-25,Uttar Pradesh,110.6,102.12,8.48,https://www.goodreturns.in/petrol-price-in-uttar-pradesh-s29.html
2026-08-25,Uttarakhand,107.76,107.76,0,https://www.goodreturns.in/petrol-price-in-uttarakhand-s30.html
2026-08-25,West Bengal,115.69,115.69,0,https://www.goodreturns.in/petrol-price-in-west-bengal-s31.html
2026-08-26,Andhra Pradesh,117.61,118.1,-0.49,https://www.goodreturns.in/petrol-price-in-andhra-pradesh-s2.html
2026-08-26,Arunachal Pradesh,97.95,97.95,0,https://www.goodreturns.in/petrol-price-in-arunachal-pradesh-s3.html
2026-08-26,Assam,97.95,105.73,-7.78,https://www.goodreturns.in/petrol-price-in-assam-s4.html
2026-08-26,Bihar,106.31,113.37,-7.06,https://www.goodreturns.in/petrol-price-in-bihar-s5.html
2026-08-26,Chhattisgarh,107.09,101.54,5.55,https://www.goodreturns.in/petrol-price-in-chhattisgarh-s6.html
2026-08-26,Delhi,107.09,102.12,4.97,https://www.goodreturns.in/petrol-price-in-delhi-s10.html
2026-08-26,Goa,106.04,108.3,-2.26,https://www.goodreturns.in/petrol-price-in-goa-s7.html
2026-08-26,Gujarat,117.61,99.44,18.17,https://www.goodreturns.in/petrol-price-in-gujarat-s8.html
2026-08-26,Haryana,117.61,99.44,18.17,https://www.goodreturns.in/petrol-price-in-haryana-s9.html
2026-08-26,Himachal Pradesh,117.61,104,13.61,https://www.goodreturns.in/petrol-price-in-himachal-pradesh-s11.html
2026-08-26,Jammu & Kashmir,117.61,102.04,15.57,https://www.goodreturns.in/petrol-price-in-jammu-kashmir-s12.html
2026-08-26,Jharkhand,107.09,103.28,3.81,https://www.goodreturns.in/petrol-price-in-jharkhand-s13.html
2026-08-26,Karnataka,107.09,103.09,4,https://www.goodreturns.in/petrol-price-in-karnataka-s14.html
2026-08-26,Kerala,107.09,104.13,2.96,https://www.goodreturns.in/petrol-price-in-kerala-s15.html
2026-08-26,Madhya Pradesh,107.09,106.19,0.9,https://www.goodreturns.in/petrol-price-in-madhya-pradesh-s16.html
2026-08-26,Maharashtra,117.61,111.68,5.93,https://www.goodreturns.in/petrol-price-in-maharashtra-s17.html
2026-08-26,Manipur,117.61,115.49,2.12,https://www.goodreturns.in/petrol-price-in-manipur-s18.html
2026-08-26,Meghalaya,107.09,114.54,-7.45,https://www.goodreturns.in/petrol-price-in-meghalaya-s19.html
2026-08-26,Mizoram,117.61,111.21,6.4,https://www.goodreturns.in/petrol-price-in-mizoram-s20.html
2026-08-26,Nagaland,97.95,106.87,-8.92,https://www.goodreturns.in/petrol-price-in-nagaland-s21.html
2026-08-26,Odisha,97.95,102.6,-4.65,https://www.goodreturns.in/petrol-price-in-odisha-s22.html
2026-08-26,Punjab,97.95,106.55,-8.6,https://www.goodreturns.in/petrol-price-in-punjab-s23.html
2026-08-26,Rajasthan,97.95,104.87,-6.92,https://www.goodreturns.in/petrol-price-in-rajasthan-s24.html
2026-08-26,Sikkim,105.19,108.97,-3.78,https://www.goodreturns.in/petrol-price-in-sikkim-s25.html
2026-08-26,Tamil Nadu,117.61,103.58,14.03,https://www.goodreturns.in/petrol-price-in-tamil-nadu-s26.html
2026-08-26,Telangana,107.09,105.56,1.53,https://www.goodreturns.in/petrol-price-in-telangana-s27.html
2026-08-26,Tripura,107.09,113.19,-6.1,https://www.goodreturns.in/petrol-price-in-tripura-s28.html
2026-08-26,Uttar Pradesh,106.78,110.6,-3.82,https://www.goodreturns.in/petrol-price-in-uttar-pradesh-s29.html
2026-08-26,Uttarakhand,117.61,107.76,9.85,https://www.goodreturns.in/petrol-price-in-uttarakhand-s30.html
2026-08-26,West Bengal,117.61,115.69,1.92,https://www.goodreturns.in/petrol-price-in-west-bengal-s31.html